{"id-38696":{"title":"Furniture Store","featured-image-url":"https:\/\/websitedemos.net\/wp-content\/uploads\/2020\/01\/furniture-store-03-home.jpg","thumbnail-image-url":"https:\/\/websitedemos.net\/wp-content\/uploads\/2020\/01\/furniture-store-03-home-600x800.jpg","fullpage-thumbnail-image-url":"https:\/\/websitedemos.net\/wp-content\/uploads\/2020\/01\/furniture-store-03-home-400x1131.jpg","astra-site-url":"\/\/websitedemos.net\/furniture-store-03","astra-site-parent-id":1119,"astra-sites-tag":{"496":"ecommerce","524":"furniture","856":"furniture-store","436":"interior","383":"online-store","967":"product-store","733":"shop","749":"store","966":"woo-commerce","1024":"woocommerce"},"astra-sites-type":"agency-mini","astra-site-page-builder":"beaver-builder","astra-site-category":{"38":"ecommerce"},"pages":{"id-38698":{"title":"Home","featured-image-url":"https:\/\/websitedemos.net\/wp-content\/uploads\/2020\/01\/furniture-store-03-home.jpg","thumbnail-image-url":"https:\/\/websitedemos.net\/wp-content\/uploads\/2020\/01\/furniture-store-03-home-600x800.jpg","astra-page-api-url":"https:\/\/websitedemos.net\/furniture-store-03\/wp-json\/wp\/v2\/pages\/19","dynamic-page":"yes","astra-page-url":"\/\/websitedemos.net\/furniture-store-03\/","astra-sites-tag":{"423":"home"},"site-pages-type":"agency-mini","site-pages-page-builder":"beaver-builder","site-pages-category":[],"site-pages-parent-category":{"64":"ecommerce"}},"id-38697":{"title":"About Us","featured-image-url":"","thumbnail-image-url":"","astra-page-api-url":"https:\/\/websitedemos.net\/furniture-store-03\/wp-json\/wp\/v2\/pages\/26","dynamic-page":"no","astra-page-url":"\/\/websitedemos.net\/furniture-store-03\/about-us\/","astra-sites-tag":{"352":"about"},"site-pages-type":"agency-mini","site-pages-page-builder":"beaver-builder","site-pages-category":[],"site-pages-parent-category":{"64":"ecommerce"}}}},"id-38673":{"title":"Architecture Firm","featured-image-url":"https:\/\/websitedemos.net\/wp-content\/uploads\/2020\/01\/architects-04-home.jpg","thumbnail-image-url":"https:\/\/websitedemos.net\/wp-content\/uploads\/2020\/01\/architects-04-home-600x800.jpg","fullpage-thumbnail-image-url":"https:\/\/websitedemos.net\/wp-content\/uploads\/2020\/01\/architects-04-home-400x1358.jpg","astra-site-url":"\/\/websitedemos.net\/architects-04","astra-site-parent-id":1118,"astra-sites-tag":{"435":"architecture","436":"interior","434":"interior-design","422":"landscaping","437":"zoning"},"astra-sites-type":"agency-mini","astra-site-page-builder":"elementor","astra-site-category":{"27":"business"},"pages":{"id-38677":{"title":"Home","featured-image-url":"https:\/\/websitedemos.net\/wp-content\/uploads\/2020\/01\/architects-04-home.jpg","thumbnail-image-url":"https:\/\/websitedemos.net\/wp-content\/uploads\/2020\/01\/architects-04-home-600x800.jpg","astra-page-api-url":"https:\/\/websitedemos.net\/architects-04\/wp-json\/wp\/v2\/pages\/11","dynamic-page":"no","astra-page-url":"\/\/websitedemos.net\/architects-04\/","astra-sites-tag":{"423":"home"},"site-pages-type":"agency-mini","site-pages-page-builder":"elementor","site-pages-category":[],"site-pages-parent-category":{"60":"business"}},"id-38674":{"title":"About","featured-image-url":"https:\/\/websitedemos.net\/wp-content\/uploads\/2020\/01\/architects-04-about.jpg","thumbnail-image-url":"https:\/\/websitedemos.net\/wp-content\/uploads\/2020\/01\/architects-04-about-600x800.jpg","astra-page-api-url":"https:\/\/websitedemos.net\/architects-04\/wp-json\/wp\/v2\/pages\/70","dynamic-page":"no","astra-page-url":"\/\/websitedemos.net\/architects-04\/about\/","astra-sites-tag":{"352":"about"},"site-pages-type":"agency-mini","site-pages-page-builder":"elementor","site-pages-category":[],"site-pages-parent-category":{"60":"business"}},"id-38679":{"title":"Services","featured-image-url":"https:\/\/websitedemos.net\/wp-content\/uploads\/2020\/01\/architects-04-services.jpg","thumbnail-image-url":"https:\/\/websitedemos.net\/wp-content\/uploads\/2020\/01\/architects-04-services-600x800.jpg","astra-page-api-url":"https:\/\/websitedemos.net\/architects-04\/wp-json\/wp\/v2\/pages\/71","dynamic-page":"no","astra-page-url":"\/\/websitedemos.net\/architects-04\/services\/","astra-sites-tag":{"425":"services"},"site-pages-type":"agency-mini","site-pages-page-builder":"elementor","site-pages-category":[],"site-pages-parent-category":{"60":"business"}},"id-38678":{"title":"Projects","featured-image-url":"https:\/\/websitedemos.net\/wp-content\/uploads\/2020\/01\/architects-04-projects.jpg","thumbnail-image-url":"https:\/\/websitedemos.net\/wp-content\/uploads\/2020\/01\/architects-04-projects-600x800.jpg","astra-page-api-url":"https:\/\/websitedemos.net\/architects-04\/wp-json\/wp\/v2\/pages\/72","dynamic-page":"no","astra-page-url":"\/\/websitedemos.net\/architects-04\/projects\/","astra-sites-tag":{"424":"project","451":"work"},"site-pages-type":"agency-mini","site-pages-page-builder":"elementor","site-pages-category":[],"site-pages-parent-category":{"60":"business"}},"id-38675":{"title":"Clients","featured-image-url":"https:\/\/websitedemos.net\/wp-content\/uploads\/2020\/01\/architects-04-clients.jpg","thumbnail-image-url":"https:\/\/websitedemos.net\/wp-content\/uploads\/2020\/01\/architects-04-clients-600x800.jpg","astra-page-api-url":"https:\/\/websitedemos.net\/architects-04\/wp-json\/wp\/v2\/pages\/73","dynamic-page":"no","astra-page-url":"\/\/websitedemos.net\/architects-04\/clients\/","astra-sites-tag":{"450":"clients"},"site-pages-type":"agency-mini","site-pages-page-builder":"elementor","site-pages-category":[],"site-pages-parent-category":{"60":"business"}},"id-38676":{"title":"Contact","featured-image-url":"https:\/\/websitedemos.net\/wp-content\/uploads\/2020\/01\/architects-04-contact.jpg","thumbnail-image-url":"https:\/\/websitedemos.net\/wp-content\/uploads\/2020\/01\/architects-04-contact-600x800.jpg","astra-page-api-url":"https:\/\/websitedemos.net\/architects-04\/wp-json\/wp\/v2\/pages\/74","dynamic-page":"no","astra-page-url":"\/\/websitedemos.net\/architects-04\/contact\/","astra-sites-tag":{"415":"contact"},"site-pages-type":"agency-mini","site-pages-page-builder":"elementor","site-pages-category":[],"site-pages-parent-category":{"60":"business"}}}},"id-38661":{"title":"Architecture Firm","featured-image-url":"https:\/\/websitedemos.net\/wp-content\/uploads\/2020\/01\/architects-03-home.jpg","thumbnail-image-url":"https:\/\/websitedemos.net\/wp-content\/uploads\/2020\/01\/architects-03-home-600x800.jpg","fullpage-thumbnail-image-url":"https:\/\/websitedemos.net\/wp-content\/uploads\/2020\/01\/architects-03-home-400x1389.jpg","astra-site-url":"\/\/websitedemos.net\/architects-03","astra-site-parent-id":1117,"astra-sites-tag":{"435":"architecture","979":"company","436":"interior","434":"interior-design","981":"interior-designer","422":"landscaping","812":"office","437":"zoning"},"astra-sites-type":"agency-mini","astra-site-page-builder":"beaver-builder","astra-site-category":{"27":"business"},"pages":{"id-38665":{"title":"Home","featured-image-url":"https:\/\/websitedemos.net\/wp-content\/uploads\/2020\/01\/architects-03-home.jpg","thumbnail-image-url":"https:\/\/websitedemos.net\/wp-content\/uploads\/2020\/01\/architects-03-home-600x800.jpg","astra-page-api-url":"https:\/\/websitedemos.net\/architects-03\/wp-json\/wp\/v2\/pages\/11","dynamic-page":"no","astra-page-url":"\/\/websitedemos.net\/architects-03\/","astra-sites-tag":{"423":"home"},"site-pages-type":"agency-mini","site-pages-page-builder":"beaver-builder","site-pages-category":[],"site-pages-parent-category":{"60":"business"}},"id-38662":{"title":"About","featured-image-url":"https:\/\/websitedemos.net\/wp-content\/uploads\/2020\/01\/architects-03-about.jpg","thumbnail-image-url":"https:\/\/websitedemos.net\/wp-content\/uploads\/2020\/01\/architects-03-about-600x800.jpg","astra-page-api-url":"https:\/\/websitedemos.net\/architects-03\/wp-json\/wp\/v2\/pages\/70","dynamic-page":"no","astra-page-url":"\/\/websitedemos.net\/architects-03\/about\/","astra-sites-tag":{"352":"about"},"site-pages-type":"agency-mini","site-pages-page-builder":"beaver-builder","site-pages-category":[],"site-pages-parent-category":{"60":"business"}},"id-38667":{"title":"Services","featured-image-url":"https:\/\/websitedemos.net\/wp-content\/uploads\/2020\/01\/architects-03-services.jpg","thumbnail-image-url":"https:\/\/websitedemos.net\/wp-content\/uploads\/2020\/01\/architects-03-services-600x800.jpg","astra-page-api-url":"https:\/\/websitedemos.net\/architects-03\/wp-json\/wp\/v2\/pages\/71","dynamic-page":"no","astra-page-url":"\/\/websitedemos.net\/architects-03\/services\/","astra-sites-tag":{"425":"services"},"site-pages-type":"agency-mini","site-pages-page-builder":"beaver-builder","site-pages-category":[],"site-pages-parent-category":{"60":"business"}},"id-38666":{"title":"Projects","featured-image-url":"https:\/\/websitedemos.net\/wp-content\/uploads\/2020\/01\/architects-03-projects.jpg","thumbnail-image-url":"https:\/\/websitedemos.net\/wp-content\/uploads\/2020\/01\/architects-03-projects-600x800.jpg","astra-page-api-url":"https:\/\/websitedemos.net\/architects-03\/wp-json\/wp\/v2\/pages\/72","dynamic-page":"no","astra-page-url":"\/\/websitedemos.net\/architects-03\/projects\/","astra-sites-tag":{"424":"project"},"site-pages-type":"agency-mini","site-pages-page-builder":"beaver-builder","site-pages-category":[],"site-pages-parent-category":{"60":"business"}},"id-38663":{"title":"Clients","featured-image-url":"https:\/\/websitedemos.net\/wp-content\/uploads\/2020\/01\/architects-03-clients.jpg","thumbnail-image-url":"https:\/\/websitedemos.net\/wp-content\/uploads\/2020\/01\/architects-03-clients-600x800.jpg","astra-page-api-url":"https:\/\/websitedemos.net\/architects-03\/wp-json\/wp\/v2\/pages\/73","dynamic-page":"no","astra-page-url":"\/\/websitedemos.net\/architects-03\/clients\/","astra-sites-tag":{"450":"clients"},"site-pages-type":"agency-mini","site-pages-page-builder":"beaver-builder","site-pages-category":[],"site-pages-parent-category":{"60":"business"}},"id-38664":{"title":"Contact","featured-image-url":"https:\/\/websitedemos.net\/wp-content\/uploads\/2020\/01\/architects-03-contact.jpg","thumbnail-image-url":"https:\/\/websitedemos.net\/wp-content\/uploads\/2020\/01\/architects-03-contact-600x800.jpg","astra-page-api-url":"https:\/\/websitedemos.net\/architects-03\/wp-json\/wp\/v2\/pages\/74","dynamic-page":"no","astra-page-url":"\/\/websitedemos.net\/architects-03\/contact\/","astra-sites-tag":{"415":"contact"},"site-pages-type":"agency-mini","site-pages-page-builder":"beaver-builder","site-pages-category":[],"site-pages-parent-category":{"60":"business"}}}},"id-38619":{"title":"Winery","featured-image-url":"https:\/\/websitedemos.net\/wp-content\/uploads\/2020\/01\/winery-04-home-page.jpg","thumbnail-image-url":"https:\/\/websitedemos.net\/wp-content\/uploads\/2020\/01\/winery-04-home-page-600x800.jpg","fullpage-thumbnail-image-url":"https:\/\/websitedemos.net\/wp-content\/uploads\/2020\/01\/winery-04-home-page-400x1337.jpg","astra-site-url":"\/\/websitedemos.net\/winery-04","astra-site-parent-id":1115,"astra-sites-tag":{"635":"brewery","632":"farming","1019":"wine-prouction","633":"winery"},"astra-sites-type":"agency-mini","astra-site-page-builder":"elementor","astra-site-category":{"27":"business"},"pages":{"id-38623":{"title":"Home","featured-image-url":"https:\/\/websitedemos.net\/wp-content\/uploads\/2020\/01\/winery-04-home-page.jpg","thumbnail-image-url":"https:\/\/websitedemos.net\/wp-content\/uploads\/2020\/01\/winery-04-home-page-600x800.jpg","astra-page-api-url":"https:\/\/websitedemos.net\/winery-04\/wp-json\/wp\/v2\/pages\/11","dynamic-page":"no","astra-page-url":"\/\/websitedemos.net\/winery-04\/","astra-sites-tag":{"423":"home"},"site-pages-type":"agency-mini","site-pages-page-builder":"elementor","site-pages-category":[],"site-pages-parent-category":{"60":"business"}},"id-38624":{"title":"Our Story","featured-image-url":"https:\/\/websitedemos.net\/wp-content\/uploads\/2020\/01\/winery-04-our-story-page.jpg","thumbnail-image-url":"https:\/\/websitedemos.net\/wp-content\/uploads\/2020\/01\/winery-04-our-story-page-600x800.jpg","astra-page-api-url":"https:\/\/websitedemos.net\/winery-04\/wp-json\/wp\/v2\/pages\/22","dynamic-page":"no","astra-page-url":"\/\/websitedemos.net\/winery-04\/our-story\/","astra-sites-tag":{"352":"about","905":"our-story"},"site-pages-type":"agency-mini","site-pages-page-builder":"elementor","site-pages-category":[],"site-pages-parent-category":{"60":"business"}},"id-38622":{"title":"Experience","featured-image-url":"https:\/\/websitedemos.net\/wp-content\/uploads\/2020\/01\/winery-04-experience-page.jpg","thumbnail-image-url":"https:\/\/websitedemos.net\/wp-content\/uploads\/2020\/01\/winery-04-experience-page-600x800.jpg","astra-page-api-url":"https:\/\/websitedemos.net\/winery-04\/wp-json\/wp\/v2\/pages\/24","dynamic-page":"no","astra-page-url":"\/\/websitedemos.net\/winery-04\/experience\/","astra-sites-tag":{"636":"experience","444":"portfolio","451":"work"},"site-pages-type":"agency-mini","site-pages-page-builder":"elementor","site-pages-category":[],"site-pages-parent-category":{"60":"business"}},"id-38621":{"title":"Events","featured-image-url":"https:\/\/websitedemos.net\/wp-content\/uploads\/2020\/01\/winery-04-events-page.jpg","thumbnail-image-url":"https:\/\/websitedemos.net\/wp-content\/uploads\/2020\/01\/winery-04-events-page-600x800.jpg","astra-page-api-url":"https:\/\/websitedemos.net\/winery-04\/wp-json\/wp\/v2\/pages\/26","dynamic-page":"no","astra-page-url":"\/\/websitedemos.net\/winery-04\/events\/","astra-sites-tag":{"409":"event"},"site-pages-type":"agency-mini","site-pages-page-builder":"elementor","site-pages-category":[],"site-pages-parent-category":{"60":"business"}},"id-38620":{"title":"Contact","featured-image-url":"https:\/\/websitedemos.net\/wp-content\/uploads\/2020\/01\/winery-04-contact-page.jpg","thumbnail-image-url":"https:\/\/websitedemos.net\/wp-content\/uploads\/2020\/01\/winery-04-contact-page-600x800.jpg","astra-page-api-url":"https:\/\/websitedemos.net\/winery-04\/wp-json\/wp\/v2\/pages\/30","dynamic-page":"no","astra-page-url":"\/\/websitedemos.net\/winery-04\/contact\/","astra-sites-tag":{"415":"contact"},"site-pages-type":"agency-mini","site-pages-page-builder":"elementor","site-pages-category":[],"site-pages-parent-category":{"60":"business"}}}},"id-38629":{"title":"Winery","featured-image-url":"https:\/\/websitedemos.net\/wp-content\/uploads\/2020\/01\/winery-04-home-page.jpg","thumbnail-image-url":"https:\/\/websitedemos.net\/wp-content\/uploads\/2020\/01\/winery-04-home-page-600x800.jpg","fullpage-thumbnail-image-url":"https:\/\/websitedemos.net\/wp-content\/uploads\/2020\/01\/winery-04-home-page-400x1337.jpg","astra-site-url":"\/\/websitedemos.net\/winery-03","astra-site-parent-id":1116,"astra-sites-tag":{"635":"brewery","632":"farming","634":"wine-production","633":"winery"},"astra-sites-type":"agency-mini","astra-site-page-builder":"beaver-builder","astra-site-category":{"27":"business"},"pages":{"id-38633":{"title":"Home","featured-image-url":"https:\/\/websitedemos.net\/wp-content\/uploads\/2020\/01\/winery-04-home-page.jpg","thumbnail-image-url":"https:\/\/websitedemos.net\/wp-content\/uploads\/2020\/01\/winery-04-home-page-600x800.jpg","astra-page-api-url":"https:\/\/websitedemos.net\/winery-03\/wp-json\/wp\/v2\/pages\/11","dynamic-page":"no","astra-page-url":"\/\/websitedemos.net\/winery-03\/","astra-sites-tag":{"423":"home"},"site-pages-type":"agency-mini","site-pages-page-builder":"beaver-builder","site-pages-category":[],"site-pages-parent-category":{"60":"business"}},"id-38634":{"title":"Our Story","featured-image-url":"https:\/\/websitedemos.net\/wp-content\/uploads\/2020\/01\/winery-04-our-story-page.jpg","thumbnail-image-url":"https:\/\/websitedemos.net\/wp-content\/uploads\/2020\/01\/winery-04-our-story-page-600x800.jpg","astra-page-api-url":"https:\/\/websitedemos.net\/winery-03\/wp-json\/wp\/v2\/pages\/22","dynamic-page":"no","astra-page-url":"\/\/websitedemos.net\/winery-03\/our-story\/","astra-sites-tag":{"352":"about","767":"story"},"site-pages-type":"agency-mini","site-pages-page-builder":"beaver-builder","site-pages-category":[],"site-pages-parent-category":{"60":"business"}},"id-38632":{"title":"Experience","featured-image-url":"https:\/\/websitedemos.net\/wp-content\/uploads\/2020\/01\/winery-04-experience-page.jpg","thumbnail-image-url":"https:\/\/websitedemos.net\/wp-content\/uploads\/2020\/01\/winery-04-experience-page-600x800.jpg","astra-page-api-url":"https:\/\/websitedemos.net\/winery-03\/wp-json\/wp\/v2\/pages\/24","dynamic-page":"no","astra-page-url":"\/\/websitedemos.net\/winery-03\/experience\/","astra-sites-tag":{"636":"experience"},"site-pages-type":"agency-mini","site-pages-page-builder":"beaver-builder","site-pages-category":[],"site-pages-parent-category":{"60":"business"}},"id-38631":{"title":"Events","featured-image-url":"https:\/\/websitedemos.net\/wp-content\/uploads\/2020\/01\/winery-04-events-page.jpg","thumbnail-image-url":"https:\/\/websitedemos.net\/wp-content\/uploads\/2020\/01\/winery-04-events-page-600x800.jpg","astra-page-api-url":"https:\/\/websitedemos.net\/winery-03\/wp-json\/wp\/v2\/pages\/26","dynamic-page":"no","astra-page-url":"\/\/websitedemos.net\/winery-03\/events\/","astra-sites-tag":{"409":"event"},"site-pages-type":"agency-mini","site-pages-page-builder":"beaver-builder","site-pages-category":[],"site-pages-parent-category":{"60":"business"}},"id-38630":{"title":"Contact","featured-image-url":"https:\/\/websitedemos.net\/wp-content\/uploads\/2020\/01\/winery-04-contact-page.jpg","thumbnail-image-url":"https:\/\/websitedemos.net\/wp-content\/uploads\/2020\/01\/winery-04-contact-page-600x800.jpg","astra-page-api-url":"https:\/\/websitedemos.net\/winery-03\/wp-json\/wp\/v2\/pages\/30","dynamic-page":"no","astra-page-url":"\/\/websitedemos.net\/winery-03\/contact\/","astra-sites-tag":{"415":"contact"},"site-pages-type":"agency-mini","site-pages-page-builder":"beaver-builder","site-pages-category":[],"site-pages-parent-category":{"60":"business"}}}},"id-38590":{"title":"Personal Fitness Trainer","featured-image-url":"https:\/\/websitedemos.net\/wp-content\/uploads\/2017\/08\/fitness-trainer-02.jpg","thumbnail-image-url":"https:\/\/websitedemos.net\/wp-content\/uploads\/2017\/08\/fitness-trainer-02-600x800.jpg","fullpage-thumbnail-image-url":"https:\/\/websitedemos.net\/wp-content\/uploads\/2017\/08\/fitness-trainer-02.jpg","astra-site-url":"\/\/websitedemos.net\/fitness-trainer-02","astra-site-parent-id":1108,"astra-sites-tag":{"1109":"exercse","499":"fitness","505":"fitness-trainer","506":"functional-training","500":"gym","504":"gym-trainer","503":"trainer","501":"work-out"},"astra-sites-type":"free","astra-site-page-builder":"elementor","astra-site-category":{"27":"business","39":"free"},"pages":{"id-38591":{"title":"Home","featured-image-url":"https:\/\/websitedemos.net\/wp-content\/uploads\/2017\/08\/fitness-trainer-02.jpg","thumbnail-image-url":"https:\/\/websitedemos.net\/wp-content\/uploads\/2017\/08\/fitness-trainer-02-600x800.jpg","astra-page-api-url":"https:\/\/websitedemos.net\/fitness-trainer-02\/wp-json\/wp\/v2\/pages\/2","dynamic-page":"no","astra-page-url":"\/\/websitedemos.net\/fitness-trainer-02\/","astra-sites-tag":{"423":"home","399":"one-page"},"site-pages-type":"free","site-pages-page-builder":"elementor","site-pages-category":[],"site-pages-parent-category":{"60":"business","61":"free"}}}},"id-38573":{"title":"Personal Fitness Trainer","featured-image-url":"https:\/\/websitedemos.net\/wp-content\/uploads\/2017\/09\/id-17505-fitness-trainer-resize.jpg","thumbnail-image-url":"https:\/\/websitedemos.net\/wp-content\/uploads\/2017\/09\/id-17505-fitness-trainer-resize-600x800.jpg","fullpage-thumbnail-image-url":"https:\/\/websitedemos.net\/wp-content\/uploads\/2017\/09\/id-17505-fitness-trainer-resize.jpg","astra-site-url":"\/\/websitedemos.net\/fitness-trainer-01","astra-site-parent-id":1107,"astra-sites-tag":{"502":"exercise","499":"fitness","505":"fitness-trainer","506":"functional-training","500":"gym","504":"gym-trainer","399":"one-page","463":"single-page","503":"trainer","501":"work-out"},"astra-sites-type":"free","astra-site-page-builder":"beaver-builder","astra-site-category":{"27":"business","39":"free"},"pages":{"id-38574":{"title":"Home","featured-image-url":"https:\/\/websitedemos.net\/wp-content\/uploads\/2017\/09\/id-17505-fitness-trainer-resize.jpg","thumbnail-image-url":"https:\/\/websitedemos.net\/wp-content\/uploads\/2017\/09\/id-17505-fitness-trainer-resize-600x800.jpg","astra-page-api-url":"https:\/\/websitedemos.net\/fitness-trainer-01\/wp-json\/wp\/v2\/pages\/2","dynamic-page":"no","astra-page-url":"\/\/websitedemos.net\/fitness-trainer-01\/","astra-sites-tag":{"423":"home"},"site-pages-type":"free","site-pages-page-builder":"beaver-builder","site-pages-category":[],"site-pages-parent-category":{"60":"business","61":"free"}}}},"id-38563":{"title":"Artist","featured-image-url":"https:\/\/websitedemos.net\/wp-content\/uploads\/2020\/01\/artist-feb-20-home.jpg","thumbnail-image-url":"https:\/\/websitedemos.net\/wp-content\/uploads\/2020\/01\/artist-feb-20-home-600x800.jpg","fullpage-thumbnail-image-url":"https:\/\/websitedemos.net\/wp-content\/uploads\/2020\/01\/artist-feb-20-home-400x1353.jpg","astra-site-url":"\/\/websitedemos.net\/artist-04","astra-site-parent-id":1106,"astra-sites-tag":{"597":"art","339":"artist","595":"exhibition","614":"painter"},"astra-sites-type":"agency-mini","astra-site-page-builder":"elementor","astra-site-category":{"27":"business"},"pages":{"id-38566":{"title":"Home","featured-image-url":"https:\/\/websitedemos.net\/wp-content\/uploads\/2020\/01\/artist-feb-20-home.jpg","thumbnail-image-url":"https:\/\/websitedemos.net\/wp-content\/uploads\/2020\/01\/artist-feb-20-home-600x800.jpg","astra-page-api-url":"https:\/\/websitedemos.net\/artist-04\/wp-json\/wp\/v2\/pages\/10","dynamic-page":"no","astra-page-url":"\/\/websitedemos.net\/artist-04\/","astra-sites-tag":{"423":"home"},"site-pages-type":"agency-mini","site-pages-page-builder":"elementor","site-pages-category":[],"site-pages-parent-category":{"60":"business"}},"id-38567":{"title":"Portfolio","featured-image-url":"https:\/\/websitedemos.net\/wp-content\/uploads\/2020\/01\/artist-feb-20-portfolio.jpg","thumbnail-image-url":"https:\/\/websitedemos.net\/wp-content\/uploads\/2020\/01\/artist-feb-20-portfolio-600x800.jpg","astra-page-api-url":"https:\/\/websitedemos.net\/artist-04\/wp-json\/wp\/v2\/pages\/11","dynamic-page":"no","astra-page-url":"\/\/websitedemos.net\/artist-04\/portfolio\/","astra-sites-tag":{"444":"portfolio","451":"work"},"site-pages-type":"agency-mini","site-pages-page-builder":"elementor","site-pages-category":[],"site-pages-parent-category":{"60":"business"}},"id-38564":{"title":"About","featured-image-url":"https:\/\/websitedemos.net\/wp-content\/uploads\/2020\/01\/artist-feb-20-about.jpg","thumbnail-image-url":"https:\/\/websitedemos.net\/wp-content\/uploads\/2020\/01\/artist-feb-20-about-600x800.jpg","astra-page-api-url":"https:\/\/websitedemos.net\/artist-04\/wp-json\/wp\/v2\/pages\/12","dynamic-page":"no","astra-page-url":"\/\/websitedemos.net\/artist-04\/about\/","astra-sites-tag":{"352":"about","1007":"about-me"},"site-pages-type":"agency-mini","site-pages-page-builder":"elementor","site-pages-category":[],"site-pages-parent-category":{"60":"business"}},"id-38565":{"title":"Contact","featured-image-url":"https:\/\/websitedemos.net\/wp-content\/uploads\/2020\/01\/artist-feb-20-contact.jpg","thumbnail-image-url":"https:\/\/websitedemos.net\/wp-content\/uploads\/2020\/01\/artist-feb-20-contact-600x800.jpg","astra-page-api-url":"https:\/\/websitedemos.net\/artist-04\/wp-json\/wp\/v2\/pages\/13","dynamic-page":"no","astra-page-url":"\/\/websitedemos.net\/artist-04\/contact\/","astra-sites-tag":{"415":"contact"},"site-pages-type":"agency-mini","site-pages-page-builder":"elementor","site-pages-category":[],"site-pages-parent-category":{"60":"business"}}}},"id-38554":{"title":"Artist","featured-image-url":"https:\/\/websitedemos.net\/wp-content\/uploads\/2020\/01\/artist-feb-20-home.jpg","thumbnail-image-url":"https:\/\/websitedemos.net\/wp-content\/uploads\/2020\/01\/artist-feb-20-home-600x800.jpg","fullpage-thumbnail-image-url":"https:\/\/websitedemos.net\/wp-content\/uploads\/2020\/01\/artist-feb-20-home-400x1353.jpg","astra-site-url":"\/\/websitedemos.net\/artist-03","astra-site-parent-id":1105,"astra-sites-tag":{"597":"art","339":"artist","595":"exhibition","614":"painter"},"astra-sites-type":"agency-mini","astra-site-page-builder":"beaver-builder","astra-site-category":{"27":"business"},"pages":{"id-38557":{"title":"Home","featured-image-url":"https:\/\/websitedemos.net\/wp-content\/uploads\/2020\/01\/artist-feb-20-home.jpg","thumbnail-image-url":"https:\/\/websitedemos.net\/wp-content\/uploads\/2020\/01\/artist-feb-20-home-600x800.jpg","astra-page-api-url":"https:\/\/websitedemos.net\/artist-03\/wp-json\/wp\/v2\/pages\/10","dynamic-page":"no","astra-page-url":"\/\/websitedemos.net\/artist-03\/","astra-sites-tag":{"423":"home"},"site-pages-type":"agency-mini","site-pages-page-builder":"beaver-builder","site-pages-category":[],"site-pages-parent-category":{"60":"business"}},"id-38558":{"title":"Portfolio","featured-image-url":"https:\/\/websitedemos.net\/wp-content\/uploads\/2020\/01\/artist-feb-20-portfolio.jpg","thumbnail-image-url":"https:\/\/websitedemos.net\/wp-content\/uploads\/2020\/01\/artist-feb-20-portfolio-600x800.jpg","astra-page-api-url":"https:\/\/websitedemos.net\/artist-03\/wp-json\/wp\/v2\/pages\/11","dynamic-page":"no","astra-page-url":"\/\/websitedemos.net\/artist-03\/portfolio\/","astra-sites-tag":{"444":"portfolio"},"site-pages-type":"agency-mini","site-pages-page-builder":"beaver-builder","site-pages-category":[],"site-pages-parent-category":{"60":"business"}},"id-38555":{"title":"About","featured-image-url":"https:\/\/websitedemos.net\/wp-content\/uploads\/2020\/01\/artist-feb-20-about.jpg","thumbnail-image-url":"https:\/\/websitedemos.net\/wp-content\/uploads\/2020\/01\/artist-feb-20-about-600x800.jpg","astra-page-api-url":"https:\/\/websitedemos.net\/artist-03\/wp-json\/wp\/v2\/pages\/12","dynamic-page":"no","astra-page-url":"\/\/websitedemos.net\/artist-03\/about\/","astra-sites-tag":{"352":"about"},"site-pages-type":"agency-mini","site-pages-page-builder":"beaver-builder","site-pages-category":[],"site-pages-parent-category":{"60":"business"}},"id-38556":{"title":"Contact","featured-image-url":"https:\/\/websitedemos.net\/wp-content\/uploads\/2020\/01\/artist-feb-20-contact.jpg","thumbnail-image-url":"https:\/\/websitedemos.net\/wp-content\/uploads\/2020\/01\/artist-feb-20-contact.jpg","astra-page-api-url":"https:\/\/websitedemos.net\/artist-03\/wp-json\/wp\/v2\/pages\/13","dynamic-page":"no","astra-page-url":"\/\/websitedemos.net\/artist-03\/contact\/","astra-sites-tag":{"415":"contact"},"site-pages-type":"agency-mini","site-pages-page-builder":"beaver-builder","site-pages-category":[],"site-pages-parent-category":{"60":"business"}}}},"id-38528":{"title":"Wedding Organizer","featured-image-url":"https:\/\/websitedemos.net\/wp-content\/uploads\/2019\/09\/wedding-organizer-04-home.jpg","thumbnail-image-url":"https:\/\/websitedemos.net\/wp-content\/uploads\/2019\/09\/wedding-organizer-04-home-600x800.jpg","fullpage-thumbnail-image-url":"https:\/\/websitedemos.net\/wp-content\/uploads\/2019\/09\/wedding-organizer-04-home-400x1458.jpg","astra-site-url":"\/\/websitedemos.net\/wedding-organizer-04","astra-site-parent-id":1103,"astra-sites-tag":{"698":"engagement","717":"event-planner","699":"invitation","697":"wedding","716":"wedding-planner","512":"wedding-shoot"},"astra-sites-type":"agency-mini","astra-site-page-builder":"elementor","astra-site-category":{"27":"business"},"pages":{"id-38532":{"title":"Home","featured-image-url":"https:\/\/websitedemos.net\/wp-content\/uploads\/2019\/09\/wedding-organizer-04-home.jpg","thumbnail-image-url":"https:\/\/websitedemos.net\/wp-content\/uploads\/2019\/09\/wedding-organizer-04-home-600x800.jpg","astra-page-api-url":"https:\/\/websitedemos.net\/wedding-organizer-04\/wp-json\/wp\/v2\/pages\/5","dynamic-page":"no","astra-page-url":"\/\/websitedemos.net\/wedding-organizer-04\/","astra-sites-tag":{"423":"home"},"site-pages-type":"agency-mini","site-pages-page-builder":"elementor","site-pages-category":[],"site-pages-parent-category":{"60":"business"}},"id-38529":{"title":"About","featured-image-url":"https:\/\/websitedemos.net\/wp-content\/uploads\/2020\/01\/wedding-org-feb-20-about.jpg","thumbnail-image-url":"https:\/\/websitedemos.net\/wp-content\/uploads\/2020\/01\/wedding-org-feb-20-about-600x800.jpg","astra-page-api-url":"https:\/\/websitedemos.net\/wedding-organizer-04\/wp-json\/wp\/v2\/pages\/7","dynamic-page":"no","astra-page-url":"\/\/websitedemos.net\/wedding-organizer-04\/about\/","astra-sites-tag":{"352":"about"},"site-pages-type":"agency-mini","site-pages-page-builder":"elementor","site-pages-category":[],"site-pages-parent-category":{"60":"business"}},"id-38533":{"title":"Services","featured-image-url":"https:\/\/websitedemos.net\/wp-content\/uploads\/2020\/01\/wedding-org-feb-20-services.jpg","thumbnail-image-url":"https:\/\/websitedemos.net\/wp-content\/uploads\/2020\/01\/wedding-org-feb-20-services-600x800.jpg","astra-page-api-url":"https:\/\/websitedemos.net\/wedding-organizer-04\/wp-json\/wp\/v2\/pages\/9","dynamic-page":"no","astra-page-url":"\/\/websitedemos.net\/wedding-organizer-04\/services\/","astra-sites-tag":{"425":"services"},"site-pages-type":"agency-mini","site-pages-page-builder":"elementor","site-pages-category":[],"site-pages-parent-category":{"60":"business"}},"id-38531":{"title":"Gallery","featured-image-url":"https:\/\/websitedemos.net\/wp-content\/uploads\/2020\/01\/wedding-org-feb-20-gallery.jpg","thumbnail-image-url":"https:\/\/websitedemos.net\/wp-content\/uploads\/2020\/01\/wedding-org-feb-20-gallery-600x800.jpg","astra-page-api-url":"https:\/\/websitedemos.net\/wedding-organizer-04\/wp-json\/wp\/v2\/pages\/11","dynamic-page":"no","astra-page-url":"\/\/websitedemos.net\/wedding-organizer-04\/gallery\/","astra-sites-tag":{"461":"gallery"},"site-pages-type":"agency-mini","site-pages-page-builder":"elementor","site-pages-category":[],"site-pages-parent-category":{"60":"business"}},"id-38534":{"title":"Testimonials","featured-image-url":"https:\/\/websitedemos.net\/wp-content\/uploads\/2020\/01\/wedding-org-feb-20-testimonials.jpg","thumbnail-image-url":"https:\/\/websitedemos.net\/wp-content\/uploads\/2020\/01\/wedding-org-feb-20-testimonials-600x800.jpg","astra-page-api-url":"https:\/\/websitedemos.net\/wedding-organizer-04\/wp-json\/wp\/v2\/pages\/13","dynamic-page":"no","astra-page-url":"\/\/websitedemos.net\/wedding-organizer-04\/testimonials\/","astra-sites-tag":{"433":"testimonials"},"site-pages-type":"agency-mini","site-pages-page-builder":"elementor","site-pages-category":[],"site-pages-parent-category":{"60":"business"}},"id-38530":{"title":"Contact","featured-image-url":"https:\/\/websitedemos.net\/wp-content\/uploads\/2020\/01\/wedding-org-feb-20-contact.jpg","thumbnail-image-url":"https:\/\/websitedemos.net\/wp-content\/uploads\/2020\/01\/wedding-org-feb-20-contact-600x800.jpg","astra-page-api-url":"https:\/\/websitedemos.net\/wedding-organizer-04\/wp-json\/wp\/v2\/pages\/15","dynamic-page":"no","astra-page-url":"\/\/websitedemos.net\/wedding-organizer-04\/contact\/","astra-sites-tag":{"415":"contact"},"site-pages-type":"agency-mini","site-pages-page-builder":"elementor","site-pages-category":[],"site-pages-parent-category":{"60":"business"}}}},"id-38513":{"title":"Wedding Organizer","featured-image-url":"https:\/\/websitedemos.net\/wp-content\/uploads\/2019\/09\/wedding-organizer-04-home.jpg","thumbnail-image-url":"https:\/\/websitedemos.net\/wp-content\/uploads\/2019\/09\/wedding-organizer-04-home-600x800.jpg","fullpage-thumbnail-image-url":"https:\/\/websitedemos.net\/wp-content\/uploads\/2019\/09\/wedding-organizer-04-home-400x1458.jpg","astra-site-url":"\/\/websitedemos.net\/wedding-organizer-03","astra-site-parent-id":1102,"astra-sites-tag":{"698":"engagement","717":"event-planner","699":"invitation","697":"wedding","716":"wedding-planner"},"astra-sites-type":"agency-mini","astra-site-page-builder":"beaver-builder","astra-site-category":{"27":"business"},"pages":{"id-38517":{"title":"Home","featured-image-url":"https:\/\/websitedemos.net\/wp-content\/uploads\/2019\/09\/wedding-organizer-04-home.jpg","thumbnail-image-url":"https:\/\/websitedemos.net\/wp-content\/uploads\/2019\/09\/wedding-organizer-04-home-600x800.jpg","astra-page-api-url":"https:\/\/websitedemos.net\/wedding-organizer-03\/wp-json\/wp\/v2\/pages\/223","dynamic-page":"no","astra-page-url":"\/\/websitedemos.net\/wedding-organizer-03\/","astra-sites-tag":{"423":"home"},"site-pages-type":"agency-mini","site-pages-page-builder":"beaver-builder","site-pages-category":[],"site-pages-parent-category":{"60":"business"}},"id-38514":{"title":"About","featured-image-url":"https:\/\/websitedemos.net\/wp-content\/uploads\/2020\/01\/wedding-org-feb-20-about.jpg","thumbnail-image-url":"https:\/\/websitedemos.net\/wp-content\/uploads\/2020\/01\/wedding-org-feb-20-about-600x800.jpg","astra-page-api-url":"https:\/\/websitedemos.net\/wedding-organizer-03\/wp-json\/wp\/v2\/pages\/224","dynamic-page":"no","astra-page-url":"\/\/websitedemos.net\/wedding-organizer-03\/about\/","astra-sites-tag":{"352":"about"},"site-pages-type":"agency-mini","site-pages-page-builder":"beaver-builder","site-pages-category":[],"site-pages-parent-category":{"60":"business"}},"id-38518":{"title":"Services","featured-image-url":"https:\/\/websitedemos.net\/wp-content\/uploads\/2020\/01\/wedding-org-feb-20-services.jpg","thumbnail-image-url":"https:\/\/websitedemos.net\/wp-content\/uploads\/2020\/01\/wedding-org-feb-20-services-600x800.jpg","astra-page-api-url":"https:\/\/websitedemos.net\/wedding-organizer-03\/wp-json\/wp\/v2\/pages\/225","dynamic-page":"no","astra-page-url":"\/\/websitedemos.net\/wedding-organizer-03\/services\/","astra-sites-tag":{"425":"services"},"site-pages-type":"agency-mini","site-pages-page-builder":"beaver-builder","site-pages-category":[],"site-pages-parent-category":{"60":"business"}},"id-38516":{"title":"Gallery","featured-image-url":"https:\/\/websitedemos.net\/wp-content\/uploads\/2020\/01\/wedding-org-feb-20-gallery.jpg","thumbnail-image-url":"https:\/\/websitedemos.net\/wp-content\/uploads\/2020\/01\/wedding-org-feb-20-gallery-600x800.jpg","astra-page-api-url":"https:\/\/websitedemos.net\/wedding-organizer-03\/wp-json\/wp\/v2\/pages\/11","dynamic-page":"no","astra-page-url":"\/\/websitedemos.net\/wedding-organizer-03\/gallery\/","astra-sites-tag":{"461":"gallery"},"site-pages-type":"agency-mini","site-pages-page-builder":"beaver-builder","site-pages-category":[],"site-pages-parent-category":{"60":"business"}},"id-38519":{"title":"Testimonials","featured-image-url":"https:\/\/websitedemos.net\/wp-content\/uploads\/2020\/01\/wedding-org-feb-20-testimonials.jpg","thumbnail-image-url":"https:\/\/websitedemos.net\/wp-content\/uploads\/2020\/01\/wedding-org-feb-20-testimonials-600x800.jpg","astra-page-api-url":"https:\/\/websitedemos.net\/wedding-organizer-03\/wp-json\/wp\/v2\/pages\/13","dynamic-page":"no","astra-page-url":"\/\/websitedemos.net\/wedding-organizer-03\/testimonials\/","astra-sites-tag":{"433":"testimonials"},"site-pages-type":"agency-mini","site-pages-page-builder":"beaver-builder","site-pages-category":[],"site-pages-parent-category":{"60":"business"}},"id-38515":{"title":"Contact","featured-image-url":"https:\/\/websitedemos.net\/wp-content\/uploads\/2020\/01\/wedding-org-feb-20-contact.jpg","thumbnail-image-url":"https:\/\/websitedemos.net\/wp-content\/uploads\/2020\/01\/wedding-org-feb-20-contact-600x800.jpg","astra-page-api-url":"https:\/\/websitedemos.net\/wedding-organizer-03\/wp-json\/wp\/v2\/pages\/15","dynamic-page":"no","astra-page-url":"\/\/websitedemos.net\/wedding-organizer-03\/contact\/","astra-sites-tag":{"415":"contact"},"site-pages-type":"agency-mini","site-pages-page-builder":"beaver-builder","site-pages-category":[],"site-pages-parent-category":{"60":"business"}}}},"id-38488":{"title":"Massage Therapist","featured-image-url":"https:\/\/websitedemos.net\/wp-content\/uploads\/2020\/01\/massage-therapist-04-feb-20-home.jpg","thumbnail-image-url":"https:\/\/websitedemos.net\/wp-content\/uploads\/2020\/01\/massage-therapist-04-feb-20-home-600x800.jpg","fullpage-thumbnail-image-url":"https:\/\/websitedemos.net\/wp-content\/uploads\/2020\/01\/massage-therapist-04-feb-20-home-400x1549.jpg","astra-site-url":"\/\/websitedemos.net\/massage-therapist-04","astra-site-parent-id":1101,"astra-sites-tag":{"532":"acupressure","528":"massage","527":"massage-therapist","529":"physiotherapy","531":"reflexology","533":"relaxation","530":"spa"},"astra-sites-type":"agency-mini","astra-site-page-builder":"elementor","astra-site-category":{"27":"business"},"pages":{"id-38491":{"title":"Home","featured-image-url":"https:\/\/websitedemos.net\/wp-content\/uploads\/2020\/01\/massage-therapist-04-feb-20-home.jpg","thumbnail-image-url":"https:\/\/websitedemos.net\/wp-content\/uploads\/2020\/01\/massage-therapist-04-feb-20-home-600x800.jpg","astra-page-api-url":"https:\/\/websitedemos.net\/massage-therapist-04\/wp-json\/wp\/v2\/pages\/5","dynamic-page":"no","astra-page-url":"\/\/websitedemos.net\/massage-therapist-04\/","astra-sites-tag":{"423":"home"},"site-pages-type":"agency-mini","site-pages-page-builder":"elementor","site-pages-category":[],"site-pages-parent-category":{"60":"business"}},"id-38489":{"title":"About","featured-image-url":"https:\/\/websitedemos.net\/wp-content\/uploads\/2020\/01\/massage-therapist-04-feb-20-about.jpg","thumbnail-image-url":"https:\/\/websitedemos.net\/wp-content\/uploads\/2020\/01\/massage-therapist-04-feb-20-about-600x800.jpg","astra-page-api-url":"https:\/\/websitedemos.net\/massage-therapist-04\/wp-json\/wp\/v2\/pages\/7","dynamic-page":"no","astra-page-url":"\/\/websitedemos.net\/massage-therapist-04\/about\/","astra-sites-tag":{"352":"about"},"site-pages-type":"agency-mini","site-pages-page-builder":"elementor","site-pages-category":[],"site-pages-parent-category":{"60":"business"}},"id-38492":{"title":"Massages","featured-image-url":"https:\/\/websitedemos.net\/wp-content\/uploads\/2020\/01\/massage-therapist-04-feb-20-massages.jpg","thumbnail-image-url":"https:\/\/websitedemos.net\/wp-content\/uploads\/2020\/01\/massage-therapist-04-feb-20-massages-600x800.jpg","astra-page-api-url":"https:\/\/websitedemos.net\/massage-therapist-04\/wp-json\/wp\/v2\/pages\/9","dynamic-page":"no","astra-page-url":"\/\/websitedemos.net\/massage-therapist-04\/massages\/","astra-sites-tag":{"528":"massage","444":"portfolio"},"site-pages-type":"agency-mini","site-pages-page-builder":"elementor","site-pages-category":[],"site-pages-parent-category":{"60":"business"}},"id-38493":{"title":"Testimonials","featured-image-url":"https:\/\/websitedemos.net\/wp-content\/uploads\/2020\/01\/massage-therapist-04-feb-20-testimonials.jpg","thumbnail-image-url":"https:\/\/websitedemos.net\/wp-content\/uploads\/2020\/01\/massage-therapist-04-feb-20-testimonials-600x800.jpg","astra-page-api-url":"https:\/\/websitedemos.net\/massage-therapist-04\/wp-json\/wp\/v2\/pages\/11","dynamic-page":"no","astra-page-url":"\/\/websitedemos.net\/massage-therapist-04\/testimonials\/","astra-sites-tag":{"433":"testimonials"},"site-pages-type":"agency-mini","site-pages-page-builder":"elementor","site-pages-category":[],"site-pages-parent-category":{"60":"business"}},"id-38490":{"title":"Contact","featured-image-url":"https:\/\/websitedemos.net\/wp-content\/uploads\/2020\/01\/massage-therapist-04-feb-20-contact.jpg","thumbnail-image-url":"https:\/\/websitedemos.net\/wp-content\/uploads\/2020\/01\/massage-therapist-04-feb-20-contact-600x800.jpg","astra-page-api-url":"https:\/\/websitedemos.net\/massage-therapist-04\/wp-json\/wp\/v2\/pages\/13","dynamic-page":"no","astra-page-url":"\/\/websitedemos.net\/massage-therapist-04\/contact\/","astra-sites-tag":{"415":"contact"},"site-pages-type":"agency-mini","site-pages-page-builder":"elementor","site-pages-category":[],"site-pages-parent-category":{"60":"business"}}}},"id-38449":{"title":"Personal Dietitian","featured-image-url":"https:\/\/websitedemos.net\/wp-content\/uploads\/2020\/01\/dietitian-home.jpg","thumbnail-image-url":"https:\/\/websitedemos.net\/wp-content\/uploads\/2020\/01\/dietitian-home-600x800.jpg","fullpage-thumbnail-image-url":"https:\/\/websitedemos.net\/wp-content\/uploads\/2020\/01\/dietitian-home-400x1303.jpg","astra-site-url":"\/\/websitedemos.net\/dietitian-03","astra-site-parent-id":1100,"astra-sites-tag":{"753":"dietitian","336":"food","754":"nutritionist"},"astra-sites-type":"agency-mini","astra-site-page-builder":"beaver-builder","astra-site-category":{"37":"blog","27":"business"},"pages":{"id-38453":{"title":"Home","featured-image-url":"https:\/\/websitedemos.net\/wp-content\/uploads\/2020\/01\/dietitian-home.jpg","thumbnail-image-url":"https:\/\/websitedemos.net\/wp-content\/uploads\/2020\/01\/dietitian-home-600x800.jpg","astra-page-api-url":"https:\/\/websitedemos.net\/dietitian-03\/wp-json\/wp\/v2\/pages\/8","dynamic-page":"no","astra-page-url":"\/\/websitedemos.net\/dietitian-03\/","astra-sites-tag":{"423":"home"},"site-pages-type":"agency-mini","site-pages-page-builder":"beaver-builder","site-pages-category":[],"site-pages-parent-category":{"74":"blog","60":"business"}},"id-38450":{"title":"About","featured-image-url":"https:\/\/websitedemos.net\/wp-content\/uploads\/2020\/01\/dietitian-about.jpg","thumbnail-image-url":"https:\/\/websitedemos.net\/wp-content\/uploads\/2020\/01\/dietitian-about-600x800.jpg","astra-page-api-url":"https:\/\/websitedemos.net\/dietitian-03\/wp-json\/wp\/v2\/pages\/10","dynamic-page":"no","astra-page-url":"\/\/websitedemos.net\/dietitian-03\/about\/","astra-sites-tag":{"352":"about"},"site-pages-type":"agency-mini","site-pages-page-builder":"beaver-builder","site-pages-category":[],"site-pages-parent-category":{"74":"blog","60":"business"}},"id-38454":{"title":"Services","featured-image-url":"https:\/\/websitedemos.net\/wp-content\/uploads\/2020\/01\/dietitian-services.jpg","thumbnail-image-url":"https:\/\/websitedemos.net\/wp-content\/uploads\/2020\/01\/dietitian-services-600x800.jpg","astra-page-api-url":"https:\/\/websitedemos.net\/dietitian-03\/wp-json\/wp\/v2\/pages\/12","dynamic-page":"no","astra-page-url":"\/\/websitedemos.net\/dietitian-03\/services\/","astra-sites-tag":{"425":"services"},"site-pages-type":"agency-mini","site-pages-page-builder":"beaver-builder","site-pages-category":[],"site-pages-parent-category":{"74":"blog","60":"business"}},"id-38451":{"title":"Blog","featured-image-url":"https:\/\/websitedemos.net\/wp-content\/uploads\/2020\/01\/dietitian-blog.jpg","thumbnail-image-url":"https:\/\/websitedemos.net\/wp-content\/uploads\/2020\/01\/dietitian-blog-600x800.jpg","astra-page-api-url":"https:\/\/websitedemos.net\/dietitian-03\/wp-json\/wp\/v2\/pages\/995","dynamic-page":"no","astra-page-url":"\/\/websitedemos.net\/dietitian-03\/blog\/","astra-sites-tag":{"480":"blog"},"site-pages-type":"agency-mini","site-pages-page-builder":"gutenberg","site-pages-category":[],"site-pages-parent-category":{"74":"blog","60":"business"}},"id-38452":{"title":"Contact Me","featured-image-url":"https:\/\/websitedemos.net\/wp-content\/uploads\/2020\/01\/dietitian-contact.jpg","thumbnail-image-url":"https:\/\/websitedemos.net\/wp-content\/uploads\/2020\/01\/dietitian-contact-600x800.jpg","astra-page-api-url":"https:\/\/websitedemos.net\/dietitian-03\/wp-json\/wp\/v2\/pages\/19","dynamic-page":"no","astra-page-url":"\/\/websitedemos.net\/dietitian-03\/contact-me\/","astra-sites-tag":{"1009":"contact-me"},"site-pages-type":"agency-mini","site-pages-page-builder":"beaver-builder","site-pages-category":[],"site-pages-parent-category":{"74":"blog","60":"business"}}}},"id-38429":{"title":"Massage Therapist","featured-image-url":"https:\/\/websitedemos.net\/wp-content\/uploads\/2020\/01\/massage-therapist-03-feb-20-home.jpg","thumbnail-image-url":"https:\/\/websitedemos.net\/wp-content\/uploads\/2020\/01\/massage-therapist-03-feb-20-home-600x800.jpg","fullpage-thumbnail-image-url":"https:\/\/websitedemos.net\/wp-content\/uploads\/2020\/01\/massage-therapist-03-feb-20-home-400x1586.jpg","astra-site-url":"\/\/websitedemos.net\/massage-therapist-03","astra-site-parent-id":1099,"astra-sites-tag":{"532":"acupressure","528":"massage","527":"massage-therapist","622":"psychotherapy","531":"reflexology","533":"relaxation","530":"spa"},"astra-sites-type":"agency-mini","astra-site-page-builder":"beaver-builder","astra-site-category":{"27":"business"},"pages":{"id-38432":{"title":"Home","featured-image-url":"https:\/\/websitedemos.net\/wp-content\/uploads\/2020\/01\/massage-therapist-03-feb-20-home.jpg","thumbnail-image-url":"https:\/\/websitedemos.net\/wp-content\/uploads\/2020\/01\/massage-therapist-03-feb-20-home-600x800.jpg","astra-page-api-url":"https:\/\/websitedemos.net\/massage-therapist-03\/wp-json\/wp\/v2\/pages\/8","dynamic-page":"no","astra-page-url":"\/\/websitedemos.net\/massage-therapist-03\/","astra-sites-tag":{"423":"home"},"site-pages-type":"agency-mini","site-pages-page-builder":"beaver-builder","site-pages-category":[],"site-pages-parent-category":{"60":"business"}},"id-38430":{"title":"About","featured-image-url":"https:\/\/websitedemos.net\/wp-content\/uploads\/2020\/01\/massage-therapist-03-feb-20-about.jpg","thumbnail-image-url":"https:\/\/websitedemos.net\/wp-content\/uploads\/2020\/01\/massage-therapist-03-feb-20-about-600x800.jpg","astra-page-api-url":"https:\/\/websitedemos.net\/massage-therapist-03\/wp-json\/wp\/v2\/pages\/9","dynamic-page":"no","astra-page-url":"\/\/websitedemos.net\/massage-therapist-03\/about\/","astra-sites-tag":{"352":"about"},"site-pages-type":"agency-mini","site-pages-page-builder":"beaver-builder","site-pages-category":[],"site-pages-parent-category":{"60":"business"}},"id-38433":{"title":"Massages","featured-image-url":"https:\/\/websitedemos.net\/wp-content\/uploads\/2020\/01\/massage-therapist-03-feb-20-massages.jpg","thumbnail-image-url":"https:\/\/websitedemos.net\/wp-content\/uploads\/2020\/01\/massage-therapist-03-feb-20-massages-600x800.jpg","astra-page-api-url":"https:\/\/websitedemos.net\/massage-therapist-03\/wp-json\/wp\/v2\/pages\/10","dynamic-page":"no","astra-page-url":"\/\/websitedemos.net\/massage-therapist-03\/massages\/","astra-sites-tag":{"425":"services"},"site-pages-type":"agency-mini","site-pages-page-builder":"beaver-builder","site-pages-category":[],"site-pages-parent-category":{"60":"business"}},"id-38434":{"title":"Testimonials","featured-image-url":"https:\/\/websitedemos.net\/wp-content\/uploads\/2020\/01\/massage-therapist-03-feb-20-testimonial.jpg","thumbnail-image-url":"https:\/\/websitedemos.net\/wp-content\/uploads\/2020\/01\/massage-therapist-03-feb-20-testimonial-600x800.jpg","astra-page-api-url":"https:\/\/websitedemos.net\/massage-therapist-03\/wp-json\/wp\/v2\/pages\/11","dynamic-page":"no","astra-page-url":"\/\/websitedemos.net\/massage-therapist-03\/testimonials\/","astra-sites-tag":{"433":"testimonials"},"site-pages-type":"agency-mini","site-pages-page-builder":"beaver-builder","site-pages-category":[],"site-pages-parent-category":{"60":"business"}},"id-38431":{"title":"Contact","featured-image-url":"https:\/\/websitedemos.net\/wp-content\/uploads\/2020\/01\/massage-therapist-03-feb-20-contact.jpg","thumbnail-image-url":"https:\/\/websitedemos.net\/wp-content\/uploads\/2020\/01\/massage-therapist-03-feb-20-contact-600x800.jpg","astra-page-api-url":"https:\/\/websitedemos.net\/massage-therapist-03\/wp-json\/wp\/v2\/pages\/13","dynamic-page":"no","astra-page-url":"\/\/websitedemos.net\/massage-therapist-03\/contact\/","astra-sites-tag":{"415":"contact"},"site-pages-type":"agency-mini","site-pages-page-builder":"beaver-builder","site-pages-category":[],"site-pages-parent-category":{"60":"business"}}}},"id-38418":{"title":"Personal Dietitian","featured-image-url":"https:\/\/websitedemos.net\/wp-content\/uploads\/2020\/01\/dietitian-home.jpg","thumbnail-image-url":"https:\/\/websitedemos.net\/wp-content\/uploads\/2020\/01\/dietitian-home-600x800.jpg","fullpage-thumbnail-image-url":"https:\/\/websitedemos.net\/wp-content\/uploads\/2020\/01\/dietitian-home-400x1303.jpg","astra-site-url":"\/\/websitedemos.net\/dietitian-04","astra-site-parent-id":1098,"astra-sites-tag":{"753":"dietitian","336":"food","754":"nutritionist"},"astra-sites-type":"agency-mini","astra-site-page-builder":"elementor","astra-site-category":{"37":"blog","27":"business"},"pages":{"id-38422":{"title":"Home","featured-image-url":"https:\/\/websitedemos.net\/wp-content\/uploads\/2020\/01\/dietitian-home.jpg","thumbnail-image-url":"https:\/\/websitedemos.net\/wp-content\/uploads\/2020\/01\/dietitian-home-600x800.jpg","astra-page-api-url":"https:\/\/websitedemos.net\/dietitian-04\/wp-json\/wp\/v2\/pages\/450","dynamic-page":"no","astra-page-url":"\/\/websitedemos.net\/dietitian-04\/","astra-sites-tag":{"423":"home"},"site-pages-type":"agency-mini","site-pages-page-builder":"elementor","site-pages-category":[],"site-pages-parent-category":{"74":"blog","60":"business"}},"id-38419":{"title":"About","featured-image-url":"https:\/\/websitedemos.net\/wp-content\/uploads\/2020\/01\/dietitian-about.jpg","thumbnail-image-url":"https:\/\/websitedemos.net\/wp-content\/uploads\/2020\/01\/dietitian-about-600x800.jpg","astra-page-api-url":"https:\/\/websitedemos.net\/dietitian-04\/wp-json\/wp\/v2\/pages\/10","dynamic-page":"no","astra-page-url":"\/\/websitedemos.net\/dietitian-04\/about\/","astra-sites-tag":{"352":"about"},"site-pages-type":"agency-mini","site-pages-page-builder":"elementor","site-pages-category":[],"site-pages-parent-category":{"74":"blog","60":"business"}},"id-38423":{"title":"Services","featured-image-url":"https:\/\/websitedemos.net\/wp-content\/uploads\/2020\/01\/dietitian-services.jpg","thumbnail-image-url":"https:\/\/websitedemos.net\/wp-content\/uploads\/2020\/01\/dietitian-services-600x800.jpg","astra-page-api-url":"https:\/\/websitedemos.net\/dietitian-04\/wp-json\/wp\/v2\/pages\/12","dynamic-page":"no","astra-page-url":"\/\/websitedemos.net\/dietitian-04\/services\/","astra-sites-tag":{"425":"services"},"site-pages-type":"agency-mini","site-pages-page-builder":"elementor","site-pages-category":[],"site-pages-parent-category":{"74":"blog","60":"business"}},"id-38420":{"title":"Blog","featured-image-url":"https:\/\/websitedemos.net\/wp-content\/uploads\/2020\/01\/dietitian-blog.jpg","thumbnail-image-url":"https:\/\/websitedemos.net\/wp-content\/uploads\/2020\/01\/dietitian-blog-600x800.jpg","astra-page-api-url":"https:\/\/websitedemos.net\/dietitian-04\/wp-json\/wp\/v2\/pages\/995","dynamic-page":"no","astra-page-url":"\/\/websitedemos.net\/dietitian-04\/blog\/","astra-sites-tag":{"480":"blog"},"site-pages-type":"agency-mini","site-pages-page-builder":"gutenberg","site-pages-category":[],"site-pages-parent-category":{"74":"blog","60":"business"}},"id-38421":{"title":"Contact Me","featured-image-url":"https:\/\/websitedemos.net\/wp-content\/uploads\/2020\/01\/dietitian-contact.jpg","thumbnail-image-url":"https:\/\/websitedemos.net\/wp-content\/uploads\/2020\/01\/dietitian-contact-600x800.jpg","astra-page-api-url":"https:\/\/websitedemos.net\/dietitian-04\/wp-json\/wp\/v2\/pages\/19","dynamic-page":"no","astra-page-url":"\/\/websitedemos.net\/dietitian-04\/contact-me\/","astra-sites-tag":{"1009":"contact-me"},"site-pages-type":"agency-mini","site-pages-page-builder":"elementor","site-pages-category":[],"site-pages-parent-category":{"74":"blog","60":"business"}}}}}