{"id-18222":{"title":"Brandstore Pro","featured-image-url":"https:\/\/websitedemos.net\/wp-content\/uploads\/2019\/10\/store-04-home-1.jpg","thumbnail-image-url":"https:\/\/websitedemos.net\/wp-content\/uploads\/2019\/10\/store-04-home-1-600x800.jpg","fullpage-thumbnail-image-url":"https:\/\/websitedemos.net\/wp-content\/uploads\/2019\/10\/store-04-home-1-400x1228.jpg","astra-site-url":"\/\/websitedemos.net\/store-03","astra-site-parent-id":267,"astra-sites-tag":{"639":"accessories","638":"brand-store","640":"cloth-store","637":"clothing","496":"ecommerce","383":"online-store","967":"product-store","733":"shop","966":"woo-commerce","1024":"woocommerce"},"astra-sites-type":"agency-mini","astra-site-page-builder":"beaver-builder","astra-site-category":{"38":"ecommerce"},"pages":{"id-24762":{"title":"Home","featured-image-url":"https:\/\/websitedemos.net\/wp-content\/uploads\/2019\/10\/store-04-home-1.jpg","thumbnail-image-url":"https:\/\/websitedemos.net\/wp-content\/uploads\/2019\/10\/store-04-home-1-600x800.jpg","astra-page-api-url":"https:\/\/websitedemos.net\/store-03\/wp-json\/wp\/v2\/pages\/14","dynamic-page":"yes","astra-page-url":"\/\/websitedemos.net\/store-03\/","astra-sites-tag":{"423":"home"},"site-pages-type":"agency-mini","site-pages-page-builder":"beaver-builder","site-pages-category":[],"site-pages-parent-category":{"64":"ecommerce"}},"id-24763":{"title":"Lookbook 18","featured-image-url":"https:\/\/websitedemos.net\/wp-content\/uploads\/2019\/10\/store-04-lookbook.jpg","thumbnail-image-url":"https:\/\/websitedemos.net\/wp-content\/uploads\/2019\/10\/store-04-lookbook-600x800.jpg","astra-page-api-url":"https:\/\/websitedemos.net\/store-03\/wp-json\/wp\/v2\/pages\/592","dynamic-page":"no","astra-page-url":"\/\/websitedemos.net\/store-03\/lookbook\/","astra-sites-tag":{"752":"lookbook","444":"portfolio"},"site-pages-type":"agency-mini","site-pages-page-builder":"beaver-builder","site-pages-category":[],"site-pages-parent-category":{"64":"ecommerce"}},"id-24760":{"title":"About Us","featured-image-url":"https:\/\/websitedemos.net\/wp-content\/uploads\/2019\/10\/store-04-about-us.jpg","thumbnail-image-url":"https:\/\/websitedemos.net\/wp-content\/uploads\/2019\/10\/store-04-about-us-600x800.jpg","astra-page-api-url":"https:\/\/websitedemos.net\/store-03\/wp-json\/wp\/v2\/pages\/25","dynamic-page":"no","astra-page-url":"\/\/websitedemos.net\/store-03\/about-us\/","astra-sites-tag":{"352":"about"},"site-pages-type":"agency-mini","site-pages-page-builder":"beaver-builder","site-pages-category":[],"site-pages-parent-category":{"64":"ecommerce"}},"id-24761":{"title":"Contact Us","featured-image-url":"https:\/\/websitedemos.net\/wp-content\/uploads\/2019\/10\/store-04-contact-us.jpg","thumbnail-image-url":"https:\/\/websitedemos.net\/wp-content\/uploads\/2019\/10\/store-04-contact-us-600x800.jpg","astra-page-api-url":"https:\/\/websitedemos.net\/store-03\/wp-json\/wp\/v2\/pages\/27","dynamic-page":"yes","astra-page-url":"\/\/websitedemos.net\/store-03\/contact-us\/","astra-sites-tag":{"415":"contact"},"site-pages-type":"agency-mini","site-pages-page-builder":"beaver-builder","site-pages-category":[],"site-pages-parent-category":{"64":"ecommerce"}}}},"id-18201":{"title":"Wanderlust Travel Diary","featured-image-url":"https:\/\/websitedemos.net\/wp-content\/uploads\/2018\/01\/id-18201-wanderlust-travel-diary-resize.jpg","thumbnail-image-url":"https:\/\/websitedemos.net\/wp-content\/uploads\/2018\/01\/id-18201-wanderlust-travel-diary-resize-600x800.jpg","fullpage-thumbnail-image-url":"https:\/\/websitedemos.net\/wp-content\/uploads\/2018\/01\/id-18201-wanderlust-travel-diary-resize.jpg","astra-site-url":"\/\/websitedemos.net\/blog-06","astra-site-parent-id":231,"astra-sites-tag":{"544":"adventure","480":"blog","751":"exploration","430":"tourism","427":"travel","750":"travel-blog"},"astra-sites-type":"agency-mini","astra-site-page-builder":"beaver-builder","astra-site-category":{"37":"blog"},"pages":{"id-24469":{"title":"About Us","featured-image-url":"https:\/\/websitedemos.net\/wp-content\/uploads\/2019\/07\/id-24469-wanderlust-travel-diary-about-us-resize.jpg","thumbnail-image-url":"https:\/\/websitedemos.net\/wp-content\/uploads\/2019\/07\/id-24469-wanderlust-travel-diary-about-us-resize-600x800.jpg","astra-page-api-url":"https:\/\/websitedemos.net\/blog-06\/wp-json\/wp\/v2\/pages\/26","dynamic-page":"no","astra-page-url":"\/\/websitedemos.net\/blog-06\/about-us\/","astra-sites-tag":{"352":"about"},"site-pages-type":"agency-mini","site-pages-page-builder":"beaver-builder","site-pages-category":[],"site-pages-parent-category":{"74":"blog"}},"id-24470":{"title":"Contact","featured-image-url":"https:\/\/websitedemos.net\/wp-content\/uploads\/2019\/07\/id-24470-wanderlust-travel-diary-contact-resize.jpg","thumbnail-image-url":"https:\/\/websitedemos.net\/wp-content\/uploads\/2019\/07\/id-24470-wanderlust-travel-diary-contact-resize-600x800.jpg","astra-page-api-url":"https:\/\/websitedemos.net\/blog-06\/wp-json\/wp\/v2\/pages\/27","dynamic-page":"no","astra-page-url":"\/\/websitedemos.net\/blog-06\/contact\/","astra-sites-tag":{"415":"contact"},"site-pages-type":"agency-mini","site-pages-page-builder":"beaver-builder","site-pages-category":[],"site-pages-parent-category":{"74":"blog"}}}},"id-18124":{"title":"Wanderlust Travel Diary","featured-image-url":"https:\/\/websitedemos.net\/wp-content\/uploads\/2018\/01\/id-18124-wanderlust-travel-diary-resize.jpg","thumbnail-image-url":"https:\/\/websitedemos.net\/wp-content\/uploads\/2018\/01\/id-18124-wanderlust-travel-diary-resize-600x800.jpg","fullpage-thumbnail-image-url":"https:\/\/websitedemos.net\/wp-content\/uploads\/2018\/01\/id-18124-wanderlust-travel-diary-resize.jpg","astra-site-url":"\/\/websitedemos.net\/blog-05","astra-site-parent-id":232,"astra-sites-tag":{"544":"adventure","480":"blog","751":"exploration","430":"tourism","427":"travel","750":"travel-blog"},"astra-sites-type":"agency-mini","astra-site-page-builder":"elementor","astra-site-category":{"37":"blog"},"pages":{"id-24476":{"title":"About Us","featured-image-url":"https:\/\/websitedemos.net\/wp-content\/uploads\/2019\/07\/id-24476-wanderlust-travel-diary-about-us-resize.jpg","thumbnail-image-url":"https:\/\/websitedemos.net\/wp-content\/uploads\/2019\/07\/id-24476-wanderlust-travel-diary-about-us-resize-600x800.jpg","astra-page-api-url":"https:\/\/websitedemos.net\/blog-05\/wp-json\/wp\/v2\/pages\/26","dynamic-page":"no","astra-page-url":"\/\/websitedemos.net\/blog-05\/about-us\/","astra-sites-tag":{"352":"about"},"site-pages-type":"agency-mini","site-pages-page-builder":"elementor","site-pages-category":[],"site-pages-parent-category":{"74":"blog"}},"id-24477":{"title":"Contact","featured-image-url":"https:\/\/websitedemos.net\/wp-content\/uploads\/2019\/07\/id-24477-wanderlust-travel-diary-contact-resize.jpg","thumbnail-image-url":"https:\/\/websitedemos.net\/wp-content\/uploads\/2019\/07\/id-24477-wanderlust-travel-diary-contact-resize-600x800.jpg","astra-page-api-url":"https:\/\/websitedemos.net\/blog-05\/wp-json\/wp\/v2\/pages\/27","dynamic-page":"no","astra-page-url":"\/\/websitedemos.net\/blog-05\/contact\/","astra-sites-tag":{"415":"contact"},"site-pages-type":"agency-mini","site-pages-page-builder":"elementor","site-pages-category":[],"site-pages-parent-category":{"74":"blog"}}}},"id-18137":{"title":"Brandstore Pro","featured-image-url":"https:\/\/websitedemos.net\/wp-content\/uploads\/2019\/10\/store-04-home-1.jpg","thumbnail-image-url":"https:\/\/websitedemos.net\/wp-content\/uploads\/2019\/10\/store-04-home-1-600x800.jpg","fullpage-thumbnail-image-url":"https:\/\/websitedemos.net\/wp-content\/uploads\/2019\/10\/store-04-home-1-400x1228.jpg","astra-site-url":"\/\/websitedemos.net\/store-04","astra-site-parent-id":269,"astra-sites-tag":{"639":"accessories","638":"brand-store","640":"cloth-store","637":"clothing","496":"ecommerce","383":"online-store","967":"product-store","733":"shop","966":"woo-commerce","1024":"woocommerce"},"astra-sites-type":"agency-mini","astra-site-page-builder":"elementor","astra-site-category":{"38":"ecommerce"},"pages":{"id-34098":{"title":"Home","featured-image-url":"https:\/\/websitedemos.net\/wp-content\/uploads\/2019\/10\/store-04-home-1.jpg","thumbnail-image-url":"https:\/\/websitedemos.net\/wp-content\/uploads\/2019\/10\/store-04-home-1-600x800.jpg","astra-page-api-url":"https:\/\/websitedemos.net\/store-04\/wp-json\/wp\/v2\/pages\/14","dynamic-page":"yes","astra-page-url":"\/\/websitedemos.net\/store-04\/","astra-sites-tag":{"423":"home"},"site-pages-type":"agency-mini","site-pages-page-builder":"elementor","site-pages-category":[],"site-pages-parent-category":{"64":"ecommerce"}},"id-24775":{"title":"Lookbook","featured-image-url":"https:\/\/websitedemos.net\/wp-content\/uploads\/2019\/10\/store-04-lookbook.jpg","thumbnail-image-url":"https:\/\/websitedemos.net\/wp-content\/uploads\/2019\/10\/store-04-lookbook-600x800.jpg","astra-page-api-url":"https:\/\/websitedemos.net\/store-04\/wp-json\/wp\/v2\/pages\/568","dynamic-page":"no","astra-page-url":"\/\/websitedemos.net\/store-04\/lookbook\/","astra-sites-tag":{"727":"book","752":"lookbook"},"site-pages-type":"agency-mini","site-pages-page-builder":"elementor","site-pages-category":[],"site-pages-parent-category":{"64":"ecommerce"}},"id-24772":{"title":"About Us","featured-image-url":"https:\/\/websitedemos.net\/wp-content\/uploads\/2019\/10\/store-04-about-us.jpg","thumbnail-image-url":"https:\/\/websitedemos.net\/wp-content\/uploads\/2019\/10\/store-04-about-us-600x800.jpg","astra-page-api-url":"https:\/\/websitedemos.net\/store-04\/wp-json\/wp\/v2\/pages\/25","dynamic-page":"no","astra-page-url":"\/\/websitedemos.net\/store-04\/about-us\/","astra-sites-tag":{"352":"about"},"site-pages-type":"agency-mini","site-pages-page-builder":"elementor","site-pages-category":[],"site-pages-parent-category":{"64":"ecommerce"}},"id-24773":{"title":"Contact Us","featured-image-url":"https:\/\/websitedemos.net\/wp-content\/uploads\/2019\/10\/store-04-contact-us.jpg","thumbnail-image-url":"https:\/\/websitedemos.net\/wp-content\/uploads\/2019\/10\/store-04-contact-us-600x800.jpg","astra-page-api-url":"https:\/\/websitedemos.net\/store-04\/wp-json\/wp\/v2\/pages\/27","dynamic-page":"yes","astra-page-url":"\/\/websitedemos.net\/store-04\/contact-us\/","astra-sites-tag":{"415":"contact"},"site-pages-type":"agency-mini","site-pages-page-builder":"elementor","site-pages-category":[],"site-pages-parent-category":{"64":"ecommerce"}}}},"id-18108":{"title":"Sweet Shop","featured-image-url":"https:\/\/websitedemos.net\/wp-content\/uploads\/2019\/07\/sweet-shop-home.jpg","thumbnail-image-url":"https:\/\/websitedemos.net\/wp-content\/uploads\/2019\/07\/sweet-shop-home-600x800.jpg","fullpage-thumbnail-image-url":"https:\/\/websitedemos.net\/wp-content\/uploads\/2019\/07\/sweet-shop-home-400x1217.jpg","astra-site-url":"\/\/websitedemos.net\/sweet-shop-04","astra-site-parent-id":270,"astra-sites-tag":{"758":"bakery","383":"online-store","749":"store","756":"sweet-shop","757":"sweets"},"astra-sites-type":"agency-mini","astra-site-page-builder":"elementor","astra-site-category":{"27":"business"},"pages":{"id-24788":{"title":"Home","featured-image-url":"https:\/\/websitedemos.net\/wp-content\/uploads\/2019\/07\/sweet-shop-home.jpg","thumbnail-image-url":"https:\/\/websitedemos.net\/wp-content\/uploads\/2019\/07\/sweet-shop-home-600x800.jpg","astra-page-api-url":"https:\/\/websitedemos.net\/sweet-shop-04\/wp-json\/wp\/v2\/pages\/212","dynamic-page":"no","astra-page-url":"\/\/websitedemos.net\/sweet-shop-04\/","astra-sites-tag":{"423":"home"},"site-pages-type":"agency-mini","site-pages-page-builder":"elementor","site-pages-category":[],"site-pages-parent-category":{"60":"business"}},"id-24784":{"title":"About","featured-image-url":"https:\/\/websitedemos.net\/wp-content\/uploads\/2019\/07\/sweet-shop-about.jpg","thumbnail-image-url":"https:\/\/websitedemos.net\/wp-content\/uploads\/2019\/07\/sweet-shop-about-600x800.jpg","astra-page-api-url":"https:\/\/websitedemos.net\/sweet-shop-04\/wp-json\/wp\/v2\/pages\/9","dynamic-page":"no","astra-page-url":"\/\/websitedemos.net\/sweet-shop-04\/about\/","astra-sites-tag":{"352":"about"},"site-pages-type":"agency-mini","site-pages-page-builder":"elementor","site-pages-category":[],"site-pages-parent-category":{"60":"business"}},"id-24787":{"title":"Gallery","featured-image-url":"https:\/\/websitedemos.net\/wp-content\/uploads\/2019\/07\/sweet-shop-gallery.jpg","thumbnail-image-url":"https:\/\/websitedemos.net\/wp-content\/uploads\/2019\/07\/sweet-shop-gallery-600x800.jpg","astra-page-api-url":"https:\/\/websitedemos.net\/sweet-shop-04\/wp-json\/wp\/v2\/pages\/11","dynamic-page":"no","astra-page-url":"\/\/websitedemos.net\/sweet-shop-04\/gallery\/","astra-sites-tag":{"461":"gallery"},"site-pages-type":"agency-mini","site-pages-page-builder":"elementor","site-pages-category":[],"site-pages-parent-category":{"60":"business"}},"id-24789":{"title":"Our Cakes","featured-image-url":"https:\/\/websitedemos.net\/wp-content\/uploads\/2019\/07\/sweet-shop-cakes.jpg","thumbnail-image-url":"https:\/\/websitedemos.net\/wp-content\/uploads\/2019\/07\/sweet-shop-cakes-600x800.jpg","astra-page-api-url":"https:\/\/websitedemos.net\/sweet-shop-04\/wp-json\/wp\/v2\/pages\/25","dynamic-page":"no","astra-page-url":"\/\/websitedemos.net\/sweet-shop-04\/our-cakes\/","astra-sites-tag":{"783":"cake"},"site-pages-type":"agency-mini","site-pages-page-builder":"elementor","site-pages-category":[],"site-pages-parent-category":{"60":"business"}},"id-24786":{"title":"Contact Us","featured-image-url":"https:\/\/websitedemos.net\/wp-content\/uploads\/2019\/07\/sweet-shop-contact.jpg","thumbnail-image-url":"https:\/\/websitedemos.net\/wp-content\/uploads\/2019\/07\/sweet-shop-contact-600x800.jpg","astra-page-api-url":"https:\/\/websitedemos.net\/sweet-shop-04\/wp-json\/wp\/v2\/pages\/13","dynamic-page":"no","astra-page-url":"\/\/websitedemos.net\/sweet-shop-04\/contact-us\/","astra-sites-tag":{"415":"contact"},"site-pages-type":"agency-mini","site-pages-page-builder":"elementor","site-pages-category":[],"site-pages-parent-category":{"60":"business"}}}},"id-18103":{"title":"Charity","featured-image-url":"https:\/\/websitedemos.net\/wp-content\/uploads\/2019\/07\/charity-pro-feb-20-home.jpg","thumbnail-image-url":"https:\/\/websitedemos.net\/wp-content\/uploads\/2019\/07\/charity-pro-feb-20-home-600x800.jpg","fullpage-thumbnail-image-url":"https:\/\/websitedemos.net\/wp-content\/uploads\/2019\/07\/charity-pro-feb-20-home-400x1473.jpg","astra-site-url":"\/\/websitedemos.net\/charity-04","astra-site-parent-id":145,"astra-sites-tag":{"625":"charity","624":"foundation","626":"giving","977":"non-profit","745":"organization"},"astra-sites-type":"agency-mini","astra-site-page-builder":"elementor","astra-site-category":{"36":"other"},"pages":{"id-23378":{"title":"Home","featured-image-url":"https:\/\/websitedemos.net\/wp-content\/uploads\/2019\/07\/charity-pro-feb-20-home.jpg","thumbnail-image-url":"https:\/\/websitedemos.net\/wp-content\/uploads\/2019\/07\/charity-pro-feb-20-home-600x800.jpg","astra-page-api-url":"https:\/\/websitedemos.net\/charity-04\/wp-json\/wp\/v2\/pages\/10","dynamic-page":"no","astra-page-url":"\/\/websitedemos.net\/charity-04\/","astra-sites-tag":{"423":"home"},"site-pages-type":"agency-mini","site-pages-page-builder":"elementor","site-pages-category":[],"site-pages-parent-category":{"139":"other"}},"id-23379":{"title":"What We Do","featured-image-url":"https:\/\/websitedemos.net\/wp-content\/uploads\/2019\/07\/charity-pro-feb-20-what-we-do.jpg","thumbnail-image-url":"https:\/\/websitedemos.net\/wp-content\/uploads\/2019\/07\/charity-pro-feb-20-what-we-do-600x800.jpg","astra-page-api-url":"https:\/\/websitedemos.net\/charity-04\/wp-json\/wp\/v2\/pages\/12","dynamic-page":"no","astra-page-url":"\/\/websitedemos.net\/charity-04\/what-we-do\/","astra-sites-tag":{"628":"what-we-do","451":"work"},"site-pages-type":"agency-mini","site-pages-page-builder":"elementor","site-pages-category":[],"site-pages-parent-category":{"139":"other"}},"id-23377":{"title":"Creating Impact","featured-image-url":"https:\/\/websitedemos.net\/wp-content\/uploads\/2019\/07\/charity-pro-feb-20-making-impact.jpg","thumbnail-image-url":"https:\/\/websitedemos.net\/wp-content\/uploads\/2019\/07\/charity-pro-feb-20-making-impact-600x800.jpg","astra-page-api-url":"https:\/\/websitedemos.net\/charity-04\/wp-json\/wp\/v2\/pages\/14","dynamic-page":"no","astra-page-url":"\/\/websitedemos.net\/charity-04\/creating-impact\/","astra-sites-tag":{"425":"services"},"site-pages-type":"agency-mini","site-pages-page-builder":"elementor","site-pages-category":[],"site-pages-parent-category":{"139":"other"}},"id-23376":{"title":"Contact Us","featured-image-url":"https:\/\/websitedemos.net\/wp-content\/uploads\/2019\/07\/charity-pro-feb-20-contact.jpg","thumbnail-image-url":"https:\/\/websitedemos.net\/wp-content\/uploads\/2019\/07\/charity-pro-feb-20-contact-600x800.jpg","astra-page-api-url":"https:\/\/websitedemos.net\/charity-04\/wp-json\/wp\/v2\/pages\/18","dynamic-page":"no","astra-page-url":"\/\/websitedemos.net\/charity-04\/contact-us\/","astra-sites-tag":{"415":"contact"},"site-pages-type":"agency-mini","site-pages-page-builder":"elementor","site-pages-category":[],"site-pages-parent-category":{"139":"other"}}}},"id-18040":{"title":"Freelancer","featured-image-url":"https:\/\/websitedemos.net\/wp-content\/uploads\/2019\/07\/freelancer-04-home.jpg","thumbnail-image-url":"https:\/\/websitedemos.net\/wp-content\/uploads\/2019\/07\/freelancer-04-home-600x800.jpg","fullpage-thumbnail-image-url":"https:\/\/websitedemos.net\/wp-content\/uploads\/2019\/07\/freelancer-04-home-400x1870.jpg","astra-site-url":"\/\/websitedemos.net\/freelancer-03","astra-site-parent-id":194,"astra-sites-tag":{"339":"artist","670":"designer","669":"freelancer","399":"one-page","671":"service-provider","463":"single-page"},"astra-sites-type":"agency-mini","astra-site-page-builder":"beaver-builder","astra-site-category":{"27":"business"},"pages":{"id-23987":{"title":"Home","featured-image-url":"https:\/\/websitedemos.net\/wp-content\/uploads\/2019\/07\/freelancer-04-home.jpg","thumbnail-image-url":"https:\/\/websitedemos.net\/wp-content\/uploads\/2019\/07\/freelancer-04-home-600x800.jpg","astra-page-api-url":"https:\/\/websitedemos.net\/freelancer-03\/wp-json\/wp\/v2\/pages\/325","dynamic-page":"no","astra-page-url":"\/\/websitedemos.net\/freelancer-03\/","astra-sites-tag":{"423":"home"},"site-pages-type":"agency-mini","site-pages-page-builder":"beaver-builder","site-pages-category":[],"site-pages-parent-category":{"60":"business"}}}},"id-18041":{"title":"Agency","featured-image-url":"https:\/\/websitedemos.net\/wp-content\/uploads\/2019\/07\/agency-03-home.jpg","thumbnail-image-url":"https:\/\/websitedemos.net\/wp-content\/uploads\/2019\/07\/agency-03-home-600x800.jpg","fullpage-thumbnail-image-url":"https:\/\/websitedemos.net\/wp-content\/uploads\/2019\/07\/agency-03-home-400x2289.jpg","astra-site-url":"\/\/websitedemos.net\/agency-03","astra-site-parent-id":214,"astra-sites-tag":{"663":"agency","979":"company","664":"digital-services","812":"office","665":"service-agency","661":"website"},"astra-sites-type":"agency-mini","astra-site-page-builder":"beaver-builder","astra-site-category":{"27":"business"},"pages":{"id-24305":{"title":"Home","featured-image-url":"https:\/\/websitedemos.net\/wp-content\/uploads\/2019\/07\/agency-03-home.jpg","thumbnail-image-url":"https:\/\/websitedemos.net\/wp-content\/uploads\/2019\/07\/agency-03-home-600x800.jpg","astra-page-api-url":"https:\/\/websitedemos.net\/agency-03\/wp-json\/wp\/v2\/pages\/2","dynamic-page":"no","astra-page-url":"\/\/websitedemos.net\/agency-03\/","astra-sites-tag":{"423":"home"},"site-pages-type":"agency-mini","site-pages-page-builder":"beaver-builder","site-pages-category":[],"site-pages-parent-category":{"60":"business"}},"id-24302":{"title":"About","featured-image-url":"https:\/\/websitedemos.net\/wp-content\/uploads\/2019\/07\/agency-03-about-1.jpg","thumbnail-image-url":"https:\/\/websitedemos.net\/wp-content\/uploads\/2019\/07\/agency-03-about-1-600x800.jpg","astra-page-api-url":"https:\/\/websitedemos.net\/agency-03\/wp-json\/wp\/v2\/pages\/62","dynamic-page":"no","astra-page-url":"\/\/websitedemos.net\/agency-03\/about\/","astra-sites-tag":{"352":"about"},"site-pages-type":"agency-mini","site-pages-page-builder":"beaver-builder","site-pages-category":[],"site-pages-parent-category":{"60":"business"}},"id-24308":{"title":"Websites","featured-image-url":"https:\/\/websitedemos.net\/wp-content\/uploads\/2019\/07\/agency-03-websites-1.jpg","thumbnail-image-url":"https:\/\/websitedemos.net\/wp-content\/uploads\/2019\/07\/agency-03-websites-1-600x800.jpg","astra-page-api-url":"https:\/\/websitedemos.net\/agency-03\/wp-json\/wp\/v2\/pages\/97","dynamic-page":"no","astra-page-url":"\/\/websitedemos.net\/agency-03\/websites\/","astra-sites-tag":{"444":"portfolio","451":"work"},"site-pages-type":"agency-mini","site-pages-page-builder":"beaver-builder","site-pages-category":[],"site-pages-parent-category":{"60":"business"}},"id-24307":{"title":"Support","featured-image-url":"https:\/\/websitedemos.net\/wp-content\/uploads\/2019\/07\/agency-03-support.jpg","thumbnail-image-url":"https:\/\/websitedemos.net\/wp-content\/uploads\/2019\/07\/agency-03-support-600x800.jpg","astra-page-api-url":"https:\/\/websitedemos.net\/agency-03\/wp-json\/wp\/v2\/pages\/112","dynamic-page":"no","astra-page-url":"\/\/websitedemos.net\/agency-03\/support\/","astra-sites-tag":{"765":"support"},"site-pages-type":"agency-mini","site-pages-page-builder":"beaver-builder","site-pages-category":[],"site-pages-parent-category":{"60":"business"}},"id-24306":{"title":"Pricing","featured-image-url":"https:\/\/websitedemos.net\/wp-content\/uploads\/2019\/07\/agency-03-pricing.jpg","thumbnail-image-url":"https:\/\/websitedemos.net\/wp-content\/uploads\/2019\/07\/agency-03-pricing-600x800.jpg","astra-page-api-url":"https:\/\/websitedemos.net\/agency-03\/wp-json\/wp\/v2\/pages\/132","dynamic-page":"no","astra-page-url":"\/\/websitedemos.net\/agency-03\/pricing\/","astra-sites-tag":{"585":"pricing"},"site-pages-type":"agency-mini","site-pages-page-builder":"beaver-builder","site-pages-category":[],"site-pages-parent-category":{"60":"business"}},"id-24304":{"title":"Contact","featured-image-url":"https:\/\/websitedemos.net\/wp-content\/uploads\/2019\/07\/agency-03-contact-1.jpg","thumbnail-image-url":"https:\/\/websitedemos.net\/wp-content\/uploads\/2019\/07\/agency-03-contact-1-600x800.jpg","astra-page-api-url":"https:\/\/websitedemos.net\/agency-03\/wp-json\/wp\/v2\/pages\/164","dynamic-page":"no","astra-page-url":"\/\/websitedemos.net\/agency-03\/contact\/","astra-sites-tag":{"415":"contact"},"site-pages-type":"agency-mini","site-pages-page-builder":"beaver-builder","site-pages-category":[],"site-pages-parent-category":{"60":"business"}}}},"id-18036":{"title":"Artist","featured-image-url":"https:\/\/websitedemos.net\/wp-content\/uploads\/2019\/10\/artist-christine-home-page.jpg","thumbnail-image-url":"https:\/\/websitedemos.net\/wp-content\/uploads\/2019\/10\/artist-christine-home-page-600x800.jpg","fullpage-thumbnail-image-url":"https:\/\/websitedemos.net\/wp-content\/uploads\/2019\/10\/artist-christine-home-page-400x768.jpg","astra-site-url":"\/\/websitedemos.net\/artist-01","astra-site-parent-id":146,"astra-sites-tag":{"597":"art","339":"artist","595":"exhibition","614":"painter","861":"paintings","967":"product-store","733":"shop","966":"woo-commerce"},"astra-sites-type":"free","astra-site-page-builder":"beaver-builder","astra-site-category":{"38":"ecommerce","39":"free"},"pages":{"id-23392":{"title":"Home","featured-image-url":"https:\/\/websitedemos.net\/wp-content\/uploads\/2019\/10\/artist-christine-home-page.jpg","thumbnail-image-url":"https:\/\/websitedemos.net\/wp-content\/uploads\/2019\/10\/artist-christine-home-page-600x800.jpg","astra-page-api-url":"https:\/\/websitedemos.net\/artist-01\/wp-json\/wp\/v2\/pages\/9","dynamic-page":"yes","astra-page-url":"\/\/websitedemos.net\/artist-01\/","astra-sites-tag":{"423":"home"},"site-pages-type":"free","site-pages-page-builder":"beaver-builder","site-pages-category":[],"site-pages-parent-category":{"64":"ecommerce","61":"free"}},"id-23389":{"title":"About Me","featured-image-url":"https:\/\/websitedemos.net\/wp-content\/uploads\/2019\/07\/artist-christine-about.jpg","thumbnail-image-url":"https:\/\/websitedemos.net\/wp-content\/uploads\/2019\/07\/artist-christine-about-600x800.jpg","astra-page-api-url":"https:\/\/websitedemos.net\/artist-01\/wp-json\/wp\/v2\/pages\/10","dynamic-page":"no","astra-page-url":"\/\/websitedemos.net\/artist-01\/about-me\/","astra-sites-tag":{"352":"about"},"site-pages-type":"free","site-pages-page-builder":"beaver-builder","site-pages-category":[],"site-pages-parent-category":{"64":"ecommerce","61":"free"}},"id-23391":{"title":"Contact","featured-image-url":"https:\/\/websitedemos.net\/wp-content\/uploads\/2019\/07\/artist-christine-contact.jpg","thumbnail-image-url":"https:\/\/websitedemos.net\/wp-content\/uploads\/2019\/07\/artist-christine-contact-600x800.jpg","astra-page-api-url":"https:\/\/websitedemos.net\/artist-01\/wp-json\/wp\/v2\/pages\/12","dynamic-page":"yes","astra-page-url":"\/\/websitedemos.net\/artist-01\/contact\/","astra-sites-tag":{"415":"contact"},"site-pages-type":"free","site-pages-page-builder":"beaver-builder","site-pages-category":[],"site-pages-parent-category":{"64":"ecommerce","61":"free"}}}},"id-17985":{"title":"Freelance Artist","featured-image-url":"https:\/\/websitedemos.net\/wp-content\/uploads\/2019\/10\/artist-christine-home-page.jpg","thumbnail-image-url":"https:\/\/websitedemos.net\/wp-content\/uploads\/2019\/10\/artist-christine-home-page-600x800.jpg","fullpage-thumbnail-image-url":"https:\/\/websitedemos.net\/wp-content\/uploads\/2019\/10\/artist-christine-home-page-400x768.jpg","astra-site-url":"\/\/websitedemos.net\/artist-02","astra-site-parent-id":144,"astra-sites-tag":{"597":"art","339":"artist","496":"ecommerce","595":"exhibition","614":"painter","1020":"personal","967":"product-store","966":"woo-commerce","1024":"woocommerce"},"astra-sites-type":"free","astra-site-page-builder":"elementor","astra-site-category":{"38":"ecommerce","39":"free"},"pages":{"id-34089":{"title":"Home","featured-image-url":"https:\/\/websitedemos.net\/wp-content\/uploads\/2019\/10\/artist-christine-home-page.jpg","thumbnail-image-url":"https:\/\/websitedemos.net\/wp-content\/uploads\/2019\/10\/artist-christine-home-page-600x800.jpg","astra-page-api-url":"https:\/\/websitedemos.net\/artist-02\/wp-json\/wp\/v2\/pages\/9","dynamic-page":"yes","astra-page-url":"\/\/websitedemos.net\/artist-02\/","astra-sites-tag":{"423":"home"},"site-pages-type":"free","site-pages-page-builder":"elementor","site-pages-category":[],"site-pages-parent-category":{"64":"ecommerce","61":"free"}},"id-23371":{"title":"About Me","featured-image-url":"https:\/\/websitedemos.net\/wp-content\/uploads\/2019\/07\/artist-christine-about.jpg","thumbnail-image-url":"https:\/\/websitedemos.net\/wp-content\/uploads\/2019\/07\/artist-christine-about-600x800.jpg","astra-page-api-url":"https:\/\/websitedemos.net\/artist-02\/wp-json\/wp\/v2\/pages\/10","dynamic-page":"no","astra-page-url":"\/\/websitedemos.net\/artist-02\/about-me\/","astra-sites-tag":{"352":"about"},"site-pages-type":"free","site-pages-page-builder":"elementor","site-pages-category":[],"site-pages-parent-category":{"64":"ecommerce","61":"free"}},"id-23373":{"title":"Contact","featured-image-url":"https:\/\/websitedemos.net\/wp-content\/uploads\/2019\/07\/artist-christine-contact.jpg","thumbnail-image-url":"https:\/\/websitedemos.net\/wp-content\/uploads\/2019\/07\/artist-christine-contact-600x800.jpg","astra-page-api-url":"https:\/\/websitedemos.net\/artist-02\/wp-json\/wp\/v2\/pages\/12","dynamic-page":"yes","astra-page-url":"\/\/websitedemos.net\/artist-02\/contact\/","astra-sites-tag":{"415":"contact"},"site-pages-type":"free","site-pages-page-builder":"elementor","site-pages-category":[],"site-pages-parent-category":{"64":"ecommerce","61":"free"}}}},"id-17931":{"title":"Home Decor","featured-image-url":"https:\/\/websitedemos.net\/wp-content\/uploads\/2019\/07\/home-decor-feb-20-home.jpg","thumbnail-image-url":"https:\/\/websitedemos.net\/wp-content\/uploads\/2019\/07\/home-decor-feb-20-home-600x800.jpg","fullpage-thumbnail-image-url":"https:\/\/websitedemos.net\/wp-content\/uploads\/2019\/07\/home-decor-feb-20-home-400x1030.jpg","astra-site-url":"\/\/websitedemos.net\/blog-04","astra-site-parent-id":233,"astra-sites-tag":{"480":"blog","863":"decor-blog","862":"home-decor","434":"interior-design","864":"interior-design-blogs"},"astra-sites-type":"agency-mini","astra-site-page-builder":"beaver-builder","astra-site-category":{"37":"blog"},"pages":{"id-24482":{"title":"About","featured-image-url":"https:\/\/websitedemos.net\/wp-content\/uploads\/2019\/07\/home-deor-feb-20-about.jpg","thumbnail-image-url":"https:\/\/websitedemos.net\/wp-content\/uploads\/2019\/07\/home-deor-feb-20-about-600x800.jpg","astra-page-api-url":"https:\/\/websitedemos.net\/blog-04\/wp-json\/wp\/v2\/pages\/1884","dynamic-page":"no","astra-page-url":"\/\/websitedemos.net\/blog-04\/about\/","astra-sites-tag":{"352":"about"},"site-pages-type":"agency-mini","site-pages-page-builder":"beaver-builder","site-pages-category":[],"site-pages-parent-category":{"74":"blog"}},"id-24483":{"title":"Contact","featured-image-url":"https:\/\/websitedemos.net\/wp-content\/uploads\/2019\/07\/home-deor-feb-20-contact.jpg","thumbnail-image-url":"https:\/\/websitedemos.net\/wp-content\/uploads\/2019\/07\/id-24483-home-decor-contact-resize.jpg","astra-page-api-url":"https:\/\/websitedemos.net\/blog-04\/wp-json\/wp\/v2\/pages\/1821","dynamic-page":"no","astra-page-url":"\/\/websitedemos.net\/blog-04\/contact\/","astra-sites-tag":{"415":"contact"},"site-pages-type":"agency-mini","site-pages-page-builder":"beaver-builder","site-pages-category":[],"site-pages-parent-category":{"74":"blog"}}}},"id-17911":{"title":"Home Decor","featured-image-url":"https:\/\/websitedemos.net\/wp-content\/uploads\/2019\/07\/home-decor-feb-20-home.jpg","thumbnail-image-url":"https:\/\/websitedemos.net\/wp-content\/uploads\/2019\/07\/home-decor-feb-20-home-600x800.jpg","fullpage-thumbnail-image-url":"https:\/\/websitedemos.net\/wp-content\/uploads\/2019\/07\/home-decor-feb-20-home-400x1030.jpg","astra-site-url":"\/\/websitedemos.net\/blog-02","astra-site-parent-id":255,"astra-sites-tag":{"435":"architecture","436":"interior","434":"interior-design","422":"landscaping","437":"zoning"},"astra-sites-type":"agency-mini","astra-site-page-builder":"elementor","astra-site-category":{"37":"blog"},"pages":{"id-24664":{"title":"About","featured-image-url":"https:\/\/websitedemos.net\/wp-content\/uploads\/2019\/07\/home-deor-feb-20-about.jpg","thumbnail-image-url":"https:\/\/websitedemos.net\/wp-content\/uploads\/2019\/07\/home-deor-feb-20-about-600x800.jpg","astra-page-api-url":"https:\/\/websitedemos.net\/blog-02\/wp-json\/wp\/v2\/pages\/1884","dynamic-page":"no","astra-page-url":"\/\/websitedemos.net\/blog-02\/about\/","astra-sites-tag":{"352":"about"},"site-pages-type":"agency-mini","site-pages-page-builder":"elementor","site-pages-category":[],"site-pages-parent-category":{"74":"blog"}},"id-24666":{"title":"Contact","featured-image-url":"https:\/\/websitedemos.net\/wp-content\/uploads\/2019\/07\/home-deor-feb-20-contact.jpg","thumbnail-image-url":"https:\/\/websitedemos.net\/wp-content\/uploads\/2019\/07\/home-deor-feb-20-contact-600x800.jpg","astra-page-api-url":"https:\/\/websitedemos.net\/blog-02\/wp-json\/wp\/v2\/pages\/1821","dynamic-page":"no","astra-page-url":"\/\/websitedemos.net\/blog-02\/contact\/","astra-sites-tag":{"415":"contact"},"site-pages-type":"agency-mini","site-pages-page-builder":"elementor","site-pages-category":[],"site-pages-parent-category":{"74":"blog"}}}},"id-17697":{"title":"Spa","featured-image-url":"https:\/\/websitedemos.net\/wp-content\/uploads\/2019\/07\/lotus-spa-salon-homepage.jpg","thumbnail-image-url":"https:\/\/websitedemos.net\/wp-content\/uploads\/2019\/07\/lotus-spa-salon-homepage-600x800.jpg","fullpage-thumbnail-image-url":"https:\/\/websitedemos.net\/wp-content\/uploads\/2019\/07\/lotus-spa-salon-homepage-400x1559.jpg","astra-site-url":"\/\/websitedemos.net\/lotus-spa-04","astra-site-parent-id":188,"astra-sites-tag":{"532":"acupressure","1023":"beauty","474":"grooming","528":"massage","527":"massage-therapist","529":"physiotherapy","531":"reflexology","533":"relaxation","650":"salon","651":"skincare","530":"spa"},"astra-sites-type":"agency-mini","astra-site-page-builder":"elementor","astra-site-category":{"27":"business"},"pages":{"id-23888":{"title":"Home","featured-image-url":"https:\/\/websitedemos.net\/wp-content\/uploads\/2019\/07\/lotus-spa-salon-homepage.jpg","thumbnail-image-url":"https:\/\/websitedemos.net\/wp-content\/uploads\/2019\/07\/lotus-spa-salon-homepage-600x800.jpg","astra-page-api-url":"https:\/\/websitedemos.net\/lotus-spa-04\/wp-json\/wp\/v2\/pages\/2202","dynamic-page":"no","astra-page-url":"\/\/websitedemos.net\/lotus-spa-04\/","astra-sites-tag":{"423":"home"},"site-pages-type":"agency-mini","site-pages-page-builder":"elementor","site-pages-category":[],"site-pages-parent-category":{"60":"business"}},"id-23885":{"title":"About","featured-image-url":"https:\/\/websitedemos.net\/wp-content\/uploads\/2019\/07\/id-23885-spa-about-resize.jpg","thumbnail-image-url":"https:\/\/websitedemos.net\/wp-content\/uploads\/2019\/07\/id-23885-spa-about-resize-600x800.jpg","astra-page-api-url":"https:\/\/websitedemos.net\/lotus-spa-04\/wp-json\/wp\/v2\/pages\/2208","dynamic-page":"no","astra-page-url":"\/\/websitedemos.net\/lotus-spa-04\/about\/","astra-sites-tag":{"352":"about"},"site-pages-type":"agency-mini","site-pages-page-builder":"elementor","site-pages-category":[],"site-pages-parent-category":{"60":"business"}},"id-23889":{"title":"Services","featured-image-url":"https:\/\/websitedemos.net\/wp-content\/uploads\/2019\/07\/lotus-spa-04-services.jpg","thumbnail-image-url":"https:\/\/websitedemos.net\/wp-content\/uploads\/2019\/07\/lotus-spa-04-services-600x800.jpg","astra-page-api-url":"https:\/\/websitedemos.net\/lotus-spa-04\/wp-json\/wp\/v2\/pages\/2210","dynamic-page":"no","astra-page-url":"\/\/websitedemos.net\/lotus-spa-04\/services\/","astra-sites-tag":{"425":"services"},"site-pages-type":"agency-mini","site-pages-page-builder":"elementor","site-pages-category":[],"site-pages-parent-category":{"60":"business"}},"id-23887":{"title":"Contact","featured-image-url":"https:\/\/websitedemos.net\/wp-content\/uploads\/2019\/07\/spa-04-contact-revised-1200.jpg","thumbnail-image-url":"https:\/\/websitedemos.net\/wp-content\/uploads\/2019\/07\/spa-04-contact-revised-1200-600x800.jpg","astra-page-api-url":"https:\/\/websitedemos.net\/lotus-spa-04\/wp-json\/wp\/v2\/pages\/2449","dynamic-page":"no","astra-page-url":"\/\/websitedemos.net\/lotus-spa-04\/contact\/","astra-sites-tag":{"415":"contact"},"site-pages-type":"agency-mini","site-pages-page-builder":"elementor","site-pages-category":[],"site-pages-parent-category":{"60":"business"}}}},"id-17702":{"title":"Agency","featured-image-url":"https:\/\/websitedemos.net\/wp-content\/uploads\/2019\/07\/agency-04-home-page.jpg","thumbnail-image-url":"https:\/\/websitedemos.net\/wp-content\/uploads\/2019\/07\/agency-04-home-page-600x800.jpg","fullpage-thumbnail-image-url":"https:\/\/websitedemos.net\/wp-content\/uploads\/2019\/07\/agency-04-home-page-400x2223.jpg","astra-site-url":"\/\/websitedemos.net\/agency-04","astra-site-parent-id":213,"astra-sites-tag":{"663":"agency","979":"company","664":"digital-services","812":"office","665":"service-agency","661":"website"},"astra-sites-type":"agency-mini","astra-site-page-builder":"elementor","astra-site-category":{"27":"business"},"pages":{"id-24173":{"title":"Home","featured-image-url":"https:\/\/websitedemos.net\/wp-content\/uploads\/2019\/07\/agency-04-home-page.jpg","thumbnail-image-url":"https:\/\/websitedemos.net\/wp-content\/uploads\/2019\/07\/agency-04-home-page-600x800.jpg","astra-page-api-url":"https:\/\/websitedemos.net\/agency-04\/wp-json\/wp\/v2\/pages\/2","dynamic-page":"no","astra-page-url":"\/\/websitedemos.net\/agency-04\/","astra-sites-tag":{"423":"home"},"site-pages-type":"agency-mini","site-pages-page-builder":"elementor","site-pages-category":[],"site-pages-parent-category":{"60":"business"}},"id-24170":{"title":"About","featured-image-url":"https:\/\/websitedemos.net\/wp-content\/uploads\/2019\/07\/agency-04-about-page.jpg","thumbnail-image-url":"https:\/\/websitedemos.net\/wp-content\/uploads\/2019\/07\/agency-04-about-page-600x800.jpg","astra-page-api-url":"https:\/\/websitedemos.net\/agency-04\/wp-json\/wp\/v2\/pages\/62","dynamic-page":"no","astra-page-url":"\/\/websitedemos.net\/agency-04\/about\/","astra-sites-tag":{"352":"about"},"site-pages-type":"agency-mini","site-pages-page-builder":"elementor","site-pages-category":[],"site-pages-parent-category":{"60":"business"}},"id-24178":{"title":"Websites","featured-image-url":"https:\/\/websitedemos.net\/wp-content\/uploads\/2019\/07\/agency-04-feb-20-websites.jpg","thumbnail-image-url":"https:\/\/websitedemos.net\/wp-content\/uploads\/2019\/07\/agency-04-feb-20-websites-600x800.jpg","astra-page-api-url":"https:\/\/websitedemos.net\/agency-04\/wp-json\/wp\/v2\/pages\/97","dynamic-page":"no","astra-page-url":"\/\/websitedemos.net\/agency-04\/websites\/","astra-sites-tag":{"661":"website"},"site-pages-type":"agency-mini","site-pages-page-builder":"elementor","site-pages-category":[],"site-pages-parent-category":{"60":"business"}},"id-24176":{"title":"Support","featured-image-url":"https:\/\/websitedemos.net\/wp-content\/uploads\/2019\/07\/agency-04-support-page.jpg","thumbnail-image-url":"https:\/\/websitedemos.net\/wp-content\/uploads\/2019\/07\/agency-04-support-page-600x800.jpg","astra-page-api-url":"https:\/\/websitedemos.net\/agency-04\/wp-json\/wp\/v2\/pages\/112","dynamic-page":"no","astra-page-url":"\/\/websitedemos.net\/agency-04\/support\/","astra-sites-tag":{"765":"support"},"site-pages-type":"agency-mini","site-pages-page-builder":"elementor","site-pages-category":[],"site-pages-parent-category":{"60":"business"}},"id-24175":{"title":"Pricing","featured-image-url":"https:\/\/websitedemos.net\/wp-content\/uploads\/2019\/07\/agency-04-feb-20-pricing.jpg","thumbnail-image-url":"https:\/\/websitedemos.net\/wp-content\/uploads\/2019\/07\/agency-04-feb-20-pricing-600x800.jpg","astra-page-api-url":"https:\/\/websitedemos.net\/agency-04\/wp-json\/wp\/v2\/pages\/132","dynamic-page":"no","astra-page-url":"\/\/websitedemos.net\/agency-04\/pricing\/","astra-sites-tag":{"585":"pricing"},"site-pages-type":"agency-mini","site-pages-page-builder":"elementor","site-pages-category":[],"site-pages-parent-category":{"60":"business"}},"id-24172":{"title":"Contact","featured-image-url":"https:\/\/websitedemos.net\/wp-content\/uploads\/2019\/07\/agency-04-feb-20-contact.jpg","thumbnail-image-url":"https:\/\/websitedemos.net\/wp-content\/uploads\/2019\/07\/agency-04-feb-20-contact-600x800.jpg","astra-page-api-url":"https:\/\/websitedemos.net\/agency-04\/wp-json\/wp\/v2\/pages\/164","dynamic-page":"no","astra-page-url":"\/\/websitedemos.net\/agency-04\/contact\/","astra-sites-tag":{"415":"contact"},"site-pages-type":"agency-mini","site-pages-page-builder":"elementor","site-pages-category":[],"site-pages-parent-category":{"60":"business"}}}},"id-17638":{"title":"Freelancer","featured-image-url":"https:\/\/websitedemos.net\/wp-content\/uploads\/2019\/07\/freelancer-04-home.jpg","thumbnail-image-url":"https:\/\/websitedemos.net\/wp-content\/uploads\/2019\/07\/freelancer-04-home-600x800.jpg","fullpage-thumbnail-image-url":"https:\/\/websitedemos.net\/wp-content\/uploads\/2019\/07\/freelancer-04-home-400x1870.jpg","astra-site-url":"\/\/websitedemos.net\/freelancer-04","astra-site-parent-id":192,"astra-sites-tag":{"339":"artist","670":"designer","669":"freelancer","1020":"personal","671":"service-provider"},"astra-sites-type":"agency-mini","astra-site-page-builder":"elementor","astra-site-category":{"27":"business"},"pages":{"id-23977":{"title":"Home","featured-image-url":"https:\/\/websitedemos.net\/wp-content\/uploads\/2019\/07\/freelancer-04-home.jpg","thumbnail-image-url":"https:\/\/websitedemos.net\/wp-content\/uploads\/2019\/07\/freelancer-04-home-600x800.jpg","astra-page-api-url":"https:\/\/websitedemos.net\/freelancer-04\/wp-json\/wp\/v2\/pages\/6","dynamic-page":"no","astra-page-url":"\/\/websitedemos.net\/freelancer-04\/","astra-sites-tag":{"423":"home"},"site-pages-type":"agency-mini","site-pages-page-builder":"elementor","site-pages-category":[],"site-pages-parent-category":{"60":"business"}}}}}