{"id-45145":{"title":"Heading 10B","featured-image-url":"https:\/\/websitedemos.net\/wp-content\/uploads\/2020\/03\/heading-10b.jpg","thumbnail-image-url":"https:\/\/websitedemos.net\/wp-content\/uploads\/2020\/03\/heading-10b-600x299.jpg","url":"https:\/\/websitedemos.net\/astra-blocks\/heading-10b\/","tag":{"1093":"heading"},"category":1094,"filter":"dark"},"id-45123":{"title":"Heading 9B","featured-image-url":"https:\/\/websitedemos.net\/wp-content\/uploads\/2020\/03\/heading-9b.jpg","thumbnail-image-url":"https:\/\/websitedemos.net\/wp-content\/uploads\/2020\/03\/heading-9b-600x353.jpg","url":"https:\/\/websitedemos.net\/astra-blocks\/heading-9b\/","tag":{"1093":"heading"},"category":1094,"filter":"dark"},"id-45115":{"title":"Heading 10W","featured-image-url":"https:\/\/websitedemos.net\/wp-content\/uploads\/2020\/03\/heading-10w.jpg","thumbnail-image-url":"https:\/\/websitedemos.net\/wp-content\/uploads\/2020\/03\/heading-10w-600x299.jpg","url":"https:\/\/websitedemos.net\/astra-blocks\/heading-10w\/","tag":{"1093":"heading"},"category":1094,"filter":"light"},"id-45107":{"title":"Heading 9W","featured-image-url":"https:\/\/websitedemos.net\/wp-content\/uploads\/2020\/03\/heading-9w.jpg","thumbnail-image-url":"https:\/\/websitedemos.net\/wp-content\/uploads\/2020\/03\/heading-9w-600x353.jpg","url":"https:\/\/websitedemos.net\/astra-blocks\/heading-9w\/","tag":{"1093":"heading"},"category":1094,"filter":"light"},"id-45100":{"title":"Single Quote 10B","featured-image-url":"https:\/\/websitedemos.net\/wp-content\/uploads\/2020\/03\/single-quote-10b.jpg","thumbnail-image-url":"https:\/\/websitedemos.net\/wp-content\/uploads\/2020\/03\/single-quote-10b-600x344.jpg","url":"https:\/\/websitedemos.net\/astra-blocks\/single-quote-10b\/","tag":{"1423":"single-quote"},"category":1424,"filter":"dark"},"id-45094":{"title":"Single Quote 10W","featured-image-url":"https:\/\/websitedemos.net\/wp-content\/uploads\/2020\/03\/single-quote-10w.jpg","thumbnail-image-url":"https:\/\/websitedemos.net\/wp-content\/uploads\/2020\/03\/single-quote-10w-600x344.jpg","url":"https:\/\/websitedemos.net\/astra-blocks\/single-quote-10w\/","tag":{"1423":"single-quote"},"category":1424,"filter":"light"},"id-45090":{"title":"Single Quote 9B","featured-image-url":"https:\/\/websitedemos.net\/wp-content\/uploads\/2020\/03\/single-quote-9b.jpg","thumbnail-image-url":"https:\/\/websitedemos.net\/wp-content\/uploads\/2020\/03\/single-quote-9b-600x309.jpg","url":"https:\/\/websitedemos.net\/astra-blocks\/single-quote-9b\/","tag":{"1423":"single-quote"},"category":1424,"filter":"dark"},"id-45079":{"title":"Single Quote 9W","featured-image-url":"https:\/\/websitedemos.net\/wp-content\/uploads\/2020\/03\/single-quote-9w.jpg","thumbnail-image-url":"https:\/\/websitedemos.net\/wp-content\/uploads\/2020\/03\/single-quote-9w-600x309.jpg","url":"https:\/\/websitedemos.net\/astra-blocks\/single-quote-9w\/","tag":{"1423":"single-quote"},"category":1424,"filter":"light"},"id-45074":{"title":"Single Quote 8B","featured-image-url":"https:\/\/websitedemos.net\/wp-content\/uploads\/2020\/03\/single-quote-8b.jpg","thumbnail-image-url":"https:\/\/websitedemos.net\/wp-content\/uploads\/2020\/03\/single-quote-8b-600x546.jpg","url":"https:\/\/websitedemos.net\/astra-blocks\/single-quote-8b\/","tag":{"1423":"single-quote"},"category":1424,"filter":"dark"},"id-45070":{"title":"Single Quote 8W","featured-image-url":"https:\/\/websitedemos.net\/wp-content\/uploads\/2020\/03\/single-quote-8w.jpg","thumbnail-image-url":"https:\/\/websitedemos.net\/wp-content\/uploads\/2020\/03\/single-quote-8w-600x546.jpg","url":"https:\/\/websitedemos.net\/astra-blocks\/single-quote-8w\/","tag":{"1423":"single-quote"},"category":1424,"filter":"light"},"id-45064":{"title":"Single Quote 7B","featured-image-url":"https:\/\/websitedemos.net\/wp-content\/uploads\/2020\/03\/single-quote-7b.jpg","thumbnail-image-url":"https:\/\/websitedemos.net\/wp-content\/uploads\/2020\/03\/single-quote-7b-600x354.jpg","url":"https:\/\/websitedemos.net\/astra-blocks\/single-quote-7b\/","tag":{"1423":"single-quote"},"category":1424,"filter":"dark"},"id-45059":{"title":"Single Quote 7W","featured-image-url":"https:\/\/websitedemos.net\/wp-content\/uploads\/2020\/03\/single-quote-7w.jpg","thumbnail-image-url":"https:\/\/websitedemos.net\/wp-content\/uploads\/2020\/03\/single-quote-7w-600x354.jpg","url":"https:\/\/websitedemos.net\/astra-blocks\/single-quote-7w\/","tag":{"1423":"single-quote"},"category":1424,"filter":"light"},"id-45056":{"title":"Single Quote 6B","featured-image-url":"https:\/\/websitedemos.net\/wp-content\/uploads\/2020\/03\/single-quote-6b.jpg","thumbnail-image-url":"https:\/\/websitedemos.net\/wp-content\/uploads\/2020\/03\/single-quote-6b-600x351.jpg","url":"https:\/\/websitedemos.net\/astra-blocks\/single-quote-6b\/","tag":{"1423":"single-quote"},"category":1424,"filter":"dark"},"id-45053":{"title":"Single Quote 6W","featured-image-url":"https:\/\/websitedemos.net\/wp-content\/uploads\/2020\/03\/single-quote-6w.jpg","thumbnail-image-url":"https:\/\/websitedemos.net\/wp-content\/uploads\/2020\/03\/single-quote-6w-600x351.jpg","url":"https:\/\/websitedemos.net\/astra-blocks\/single-quote-6w\/","tag":{"1423":"single-quote"},"category":1424,"filter":"light"},"id-45047":{"title":"Single Quote 5B","featured-image-url":"https:\/\/websitedemos.net\/wp-content\/uploads\/2020\/03\/single-quote-5b.jpg","thumbnail-image-url":"https:\/\/websitedemos.net\/wp-content\/uploads\/2020\/03\/single-quote-5b-600x391.jpg","url":"https:\/\/websitedemos.net\/astra-blocks\/single-quote-5b\/","tag":{"1423":"single-quote"},"category":1424,"filter":"dark"},"id-45041":{"title":"Single Quote 5W","featured-image-url":"https:\/\/websitedemos.net\/wp-content\/uploads\/2020\/03\/single-quote-5w.jpg","thumbnail-image-url":"https:\/\/websitedemos.net\/wp-content\/uploads\/2020\/03\/single-quote-5w-600x391.jpg","url":"https:\/\/websitedemos.net\/astra-blocks\/single-quote-5w\/","tag":{"1423":"single-quote"},"category":1424,"filter":"light"},"id-45035":{"title":"Single Quote 4B","featured-image-url":"https:\/\/websitedemos.net\/wp-content\/uploads\/2020\/03\/single-quote-4b.jpg","thumbnail-image-url":"https:\/\/websitedemos.net\/wp-content\/uploads\/2020\/03\/single-quote-4b-600x456.jpg","url":"https:\/\/websitedemos.net\/astra-blocks\/single-quote-4b\/","tag":{"1423":"single-quote"},"category":1424,"filter":"dark"},"id-45030":{"title":"Single Quote 4W","featured-image-url":"https:\/\/websitedemos.net\/wp-content\/uploads\/2020\/03\/single-quote-4w.jpg","thumbnail-image-url":"https:\/\/websitedemos.net\/wp-content\/uploads\/2020\/03\/single-quote-4w-600x456.jpg","url":"https:\/\/websitedemos.net\/astra-blocks\/single-quote-4w\/","tag":{"1423":"single-quote"},"category":1424,"filter":"light"},"id-45025":{"title":"Single Quote 3B","featured-image-url":"https:\/\/websitedemos.net\/wp-content\/uploads\/2020\/03\/single-quote-3b.jpg","thumbnail-image-url":"https:\/\/websitedemos.net\/wp-content\/uploads\/2020\/03\/single-quote-3b-600x434.jpg","url":"https:\/\/websitedemos.net\/astra-blocks\/single-quote-3b\/","tag":{"1423":"single-quote"},"category":1424,"filter":"dark"},"id-45020":{"title":"Single Quote 3W","featured-image-url":"https:\/\/websitedemos.net\/wp-content\/uploads\/2020\/03\/single-quote-3w.jpg","thumbnail-image-url":"https:\/\/websitedemos.net\/wp-content\/uploads\/2020\/03\/single-quote-3w-600x434.jpg","url":"https:\/\/websitedemos.net\/astra-blocks\/single-quote-3w\/","tag":{"1423":"single-quote"},"category":1424,"filter":"light"},"id-45013":{"title":"Single Quote 2B","featured-image-url":"https:\/\/websitedemos.net\/wp-content\/uploads\/2020\/03\/single-quote-2b.jpg","thumbnail-image-url":"https:\/\/websitedemos.net\/wp-content\/uploads\/2020\/03\/single-quote-2b-600x335.jpg","url":"https:\/\/websitedemos.net\/astra-blocks\/single-quote-2b\/","tag":{"1423":"single-quote"},"category":1424,"filter":"dark"},"id-45012":{"title":"Single Quote 1B","featured-image-url":"https:\/\/websitedemos.net\/wp-content\/uploads\/2020\/03\/single-quote-1b.jpg","thumbnail-image-url":"https:\/\/websitedemos.net\/wp-content\/uploads\/2020\/03\/single-quote-1b-600x351.jpg","url":"https:\/\/websitedemos.net\/astra-blocks\/single-quote-1b\/","tag":{"1423":"single-quote"},"category":1424,"filter":"dark"},"id-44999":{"title":"Portfolio 10B","featured-image-url":"https:\/\/websitedemos.net\/wp-content\/uploads\/2020\/02\/portfolio-10b.jpg","thumbnail-image-url":"https:\/\/websitedemos.net\/wp-content\/uploads\/2020\/02\/portfolio-10b-600x734.jpg","url":"https:\/\/websitedemos.net\/astra-blocks\/portfolio-10b\/","tag":{"1426":"portfolio"},"category":1425,"filter":"dark"},"id-44984":{"title":"Portfolio 9B","featured-image-url":"https:\/\/websitedemos.net\/wp-content\/uploads\/2020\/02\/portfolio-9b.jpg","thumbnail-image-url":"https:\/\/websitedemos.net\/wp-content\/uploads\/2020\/02\/portfolio-9b-600x659.jpg","url":"https:\/\/websitedemos.net\/astra-blocks\/portfolio-9b\/","tag":{"1426":"portfolio"},"category":1425,"filter":"dark"},"id-44980":{"title":"Portfolio 8B","featured-image-url":"https:\/\/websitedemos.net\/wp-content\/uploads\/2020\/02\/portfolio-8b.jpg","thumbnail-image-url":"https:\/\/websitedemos.net\/wp-content\/uploads\/2020\/02\/portfolio-8b-600x498.jpg","url":"https:\/\/websitedemos.net\/astra-blocks\/portfolio-8b\/","tag":{"1426":"portfolio"},"category":1425,"filter":"dark"},"id-44974":{"title":"Portfolio 6B","featured-image-url":"https:\/\/websitedemos.net\/wp-content\/uploads\/2020\/02\/portfolio-6b.jpg","thumbnail-image-url":"https:\/\/websitedemos.net\/wp-content\/uploads\/2020\/02\/portfolio-6b-600x800.jpg","url":"https:\/\/websitedemos.net\/astra-blocks\/portfolio-6b\/","tag":{"1426":"portfolio"},"category":1425,"filter":"dark"},"id-44964":{"title":"Portfolio 5B","featured-image-url":"https:\/\/websitedemos.net\/wp-content\/uploads\/2020\/02\/portfolio-5b.jpg","thumbnail-image-url":"https:\/\/websitedemos.net\/wp-content\/uploads\/2020\/02\/portfolio-5b-600x690.jpg","url":"https:\/\/websitedemos.net\/astra-blocks\/portfolio-5b\/","tag":{"1426":"portfolio"},"category":1425,"filter":"dark"},"id-44962":{"title":"Portfolio 2B","featured-image-url":"https:\/\/websitedemos.net\/wp-content\/uploads\/2020\/02\/portfolio-2b.jpg","thumbnail-image-url":"https:\/\/websitedemos.net\/wp-content\/uploads\/2020\/02\/portfolio-2b-600x651.jpg","url":"https:\/\/websitedemos.net\/astra-blocks\/portfolio-2b\/","tag":{"1426":"portfolio"},"category":1425,"filter":"dark"},"id-44957":{"title":"Portfolio 1B","featured-image-url":"https:\/\/websitedemos.net\/wp-content\/uploads\/2020\/02\/portfolio-1b.jpg","thumbnail-image-url":"https:\/\/websitedemos.net\/wp-content\/uploads\/2020\/02\/portfolio-1b-600x800.jpg","url":"https:\/\/websitedemos.net\/astra-blocks\/portfolio-1b\/","tag":{"1426":"portfolio"},"category":1425,"filter":"dark"},"id-44955":{"title":"Portfolio 10W","featured-image-url":"https:\/\/websitedemos.net\/wp-content\/uploads\/2020\/02\/portfolio-10w.jpg","thumbnail-image-url":"https:\/\/websitedemos.net\/wp-content\/uploads\/2020\/02\/portfolio-10w-600x734.jpg","url":"https:\/\/websitedemos.net\/astra-blocks\/portfolio-10w\/","tag":{"1426":"portfolio"},"category":1425,"filter":"light"},"id-44929":{"title":"Portfolio 9W","featured-image-url":"https:\/\/websitedemos.net\/wp-content\/uploads\/2020\/02\/portfolio-9w.jpg","thumbnail-image-url":"https:\/\/websitedemos.net\/wp-content\/uploads\/2020\/02\/portfolio-9w-600x659.jpg","url":"https:\/\/websitedemos.net\/astra-blocks\/portfolio-9w\/","tag":{"1426":"portfolio"},"category":1425,"filter":"light"},"id-44925":{"title":"Portfolio 8W","featured-image-url":"https:\/\/websitedemos.net\/wp-content\/uploads\/2020\/02\/portfolio-8w.jpg","thumbnail-image-url":"https:\/\/websitedemos.net\/wp-content\/uploads\/2020\/02\/portfolio-8w-600x498.jpg","url":"https:\/\/websitedemos.net\/astra-blocks\/portfolio-8w\/","tag":{"1426":"portfolio"},"category":1425,"filter":"light"},"id-44908":{"title":"Hero 5B","featured-image-url":"https:\/\/websitedemos.net\/wp-content\/uploads\/2020\/02\/hero-5b.jpg","thumbnail-image-url":"https:\/\/websitedemos.net\/wp-content\/uploads\/2020\/02\/hero-5b-600x598.jpg","url":"https:\/\/websitedemos.net\/astra-blocks\/hero-5b\/","tag":{"817":"hero"},"category":831,"filter":"dark"},"id-44883":{"title":"Statistics 10B","featured-image-url":"https:\/\/websitedemos.net\/wp-content\/uploads\/2020\/02\/statistics-10b.jpg","thumbnail-image-url":"https:\/\/websitedemos.net\/wp-content\/uploads\/2020\/02\/statistics-10b-600x800.jpg","url":"https:\/\/websitedemos.net\/astra-blocks\/statistics-10b\/","tag":{"924":"statistics","921":"stats"},"category":1096,"filter":"dark"},"id-44878":{"title":"Statistics 10W","featured-image-url":"https:\/\/websitedemos.net\/wp-content\/uploads\/2020\/02\/statistics-10w.jpg","thumbnail-image-url":"https:\/\/websitedemos.net\/wp-content\/uploads\/2020\/02\/statistics-10w-600x800.jpg","url":"https:\/\/websitedemos.net\/astra-blocks\/statistics-10w\/","tag":{"924":"statistics","921":"stats"},"category":1096,"filter":"light"},"id-44869":{"title":"Features 10B","featured-image-url":"https:\/\/websitedemos.net\/wp-content\/uploads\/2020\/02\/features-10b.jpg","thumbnail-image-url":"https:\/\/websitedemos.net\/wp-content\/uploads\/2020\/02\/features-10b-600x609.jpg","url":"https:\/\/websitedemos.net\/astra-blocks\/features-10b\/","tag":{"920":"features"},"category":919,"filter":"dark"},"id-44862":{"title":"Features 10W","featured-image-url":"https:\/\/websitedemos.net\/wp-content\/uploads\/2020\/02\/features-10w.jpg","thumbnail-image-url":"https:\/\/websitedemos.net\/wp-content\/uploads\/2020\/02\/features-10w-600x609.jpg","url":"https:\/\/websitedemos.net\/astra-blocks\/features-10w\/","tag":{"920":"features"},"category":919,"filter":"light"},"id-44858":{"title":"Features 9B","featured-image-url":"https:\/\/websitedemos.net\/wp-content\/uploads\/2020\/02\/features-9b.jpg","thumbnail-image-url":"https:\/\/websitedemos.net\/wp-content\/uploads\/2020\/02\/features-9b-600x800.jpg","url":"https:\/\/websitedemos.net\/astra-blocks\/features-9b\/","tag":{"920":"features"},"category":919,"filter":"dark"},"id-44853":{"title":"Features 9W","featured-image-url":"https:\/\/websitedemos.net\/wp-content\/uploads\/2020\/02\/features-9w.jpg","thumbnail-image-url":"https:\/\/websitedemos.net\/wp-content\/uploads\/2020\/02\/features-9w-600x800.jpg","url":"https:\/\/websitedemos.net\/astra-blocks\/features-9w\/","tag":{"920":"features"},"category":919,"filter":"light"},"id-44850":{"title":"FAQ 10B","featured-image-url":"https:\/\/websitedemos.net\/wp-content\/uploads\/2020\/02\/faq-10b.jpg","thumbnail-image-url":"https:\/\/websitedemos.net\/wp-content\/uploads\/2020\/02\/faq-10b-600x604.jpg","url":"https:\/\/websitedemos.net\/astra-blocks\/faq-10b\/","tag":{"822":"faq","821":"frequently-asked-questions"},"category":1001,"filter":"dark"},"id-44844":{"title":"FAQ 10W","featured-image-url":"https:\/\/websitedemos.net\/wp-content\/uploads\/2020\/02\/faq-10w.jpg","thumbnail-image-url":"https:\/\/websitedemos.net\/wp-content\/uploads\/2020\/02\/faq-10w-600x604.jpg","url":"https:\/\/websitedemos.net\/astra-blocks\/faq-10w\/","tag":{"822":"faq","821":"frequently-asked-questions"},"category":1001,"filter":"light"},"id-44840":{"title":"FAQ 9B","featured-image-url":"https:\/\/websitedemos.net\/wp-content\/uploads\/2020\/02\/faq-9b.jpg","thumbnail-image-url":"https:\/\/websitedemos.net\/wp-content\/uploads\/2020\/02\/faq-9b-600x633.jpg","url":"https:\/\/websitedemos.net\/astra-blocks\/faq-9b\/","tag":{"822":"faq","821":"frequently-asked-questions"},"category":1001,"filter":"dark"},"id-44831":{"title":"FAQ 9W","featured-image-url":"https:\/\/websitedemos.net\/wp-content\/uploads\/2020\/02\/faq-9w.jpg","thumbnail-image-url":"https:\/\/websitedemos.net\/wp-content\/uploads\/2020\/02\/faq-9w-600x633.jpg","url":"https:\/\/websitedemos.net\/astra-blocks\/faq-9w\/","tag":{"822":"faq","821":"frequently-asked-questions"},"category":1001,"filter":"light"},"id-44821":{"title":"Contact 10B","featured-image-url":"https:\/\/websitedemos.net\/wp-content\/uploads\/2020\/02\/contact-10b.jpg","thumbnail-image-url":"https:\/\/websitedemos.net\/wp-content\/uploads\/2020\/02\/contact-10b-600x727.jpg","url":"https:\/\/websitedemos.net\/astra-blocks\/contact-10b\/","tag":{"823":"contact"},"category":1416,"filter":"dark"},"id-44819":{"title":"Contact 10W","featured-image-url":"https:\/\/websitedemos.net\/wp-content\/uploads\/2020\/02\/contact-10w.jpg","thumbnail-image-url":"https:\/\/websitedemos.net\/wp-content\/uploads\/2020\/02\/contact-10w-600x727.jpg","url":"https:\/\/websitedemos.net\/astra-blocks\/contact-10w\/","tag":{"823":"contact"},"category":1416,"filter":"light"},"id-44803":{"title":"Contact 7B","featured-image-url":"https:\/\/websitedemos.net\/wp-content\/uploads\/2020\/02\/contact-7b.jpg","thumbnail-image-url":"https:\/\/websitedemos.net\/wp-content\/uploads\/2020\/02\/contact-7b-600x791.jpg","url":"https:\/\/websitedemos.net\/astra-blocks\/contact-7b\/","tag":{"823":"contact"},"category":1416,"filter":"dark"},"id-44796":{"title":"Clients 10B","featured-image-url":"https:\/\/websitedemos.net\/wp-content\/uploads\/2020\/02\/clients-10b.jpg","thumbnail-image-url":"https:\/\/websitedemos.net\/wp-content\/uploads\/2020\/02\/clients-10b-600x800.jpg","url":"https:\/\/websitedemos.net\/astra-blocks\/clients-10b\/","tag":{"1090":"clients"},"category":1091,"filter":"dark"},"id-44783":{"title":"Clients 10W","featured-image-url":"https:\/\/websitedemos.net\/wp-content\/uploads\/2020\/02\/clients-10w.jpg","thumbnail-image-url":"https:\/\/websitedemos.net\/wp-content\/uploads\/2020\/02\/clients-10w-600x800.jpg","url":"https:\/\/websitedemos.net\/astra-blocks\/clients-10w\/","tag":{"1090":"clients"},"category":1091,"filter":"light"},"id-44777":{"title":"Clients 9B","featured-image-url":"https:\/\/websitedemos.net\/wp-content\/uploads\/2020\/02\/clients-9b.jpg","thumbnail-image-url":"https:\/\/websitedemos.net\/wp-content\/uploads\/2020\/02\/clients-9b-600x800.jpg","url":"https:\/\/websitedemos.net\/astra-blocks\/clients-9b\/","tag":{"1090":"clients"},"category":1091,"filter":"dark"},"id-44772":{"title":"Clients 9W","featured-image-url":"https:\/\/websitedemos.net\/wp-content\/uploads\/2020\/02\/clients-9w.jpg","thumbnail-image-url":"https:\/\/websitedemos.net\/wp-content\/uploads\/2020\/02\/clients-9w-600x800.jpg","url":"https:\/\/websitedemos.net\/astra-blocks\/clients-9w\/","tag":{"1090":"clients"},"category":1091,"filter":"light"},"id-44768":{"title":"Call To Action 10B","featured-image-url":"https:\/\/websitedemos.net\/wp-content\/uploads\/2020\/02\/call-to-action-10b.jpg","thumbnail-image-url":"https:\/\/websitedemos.net\/wp-content\/uploads\/2020\/02\/call-to-action-10b-600x300.jpg","url":"https:\/\/websitedemos.net\/astra-blocks\/call-to-action-10b\/","tag":{"819":"call-to-action"},"category":832,"filter":"dark"},"id-44762":{"title":"Call To Action 10W","featured-image-url":"https:\/\/websitedemos.net\/wp-content\/uploads\/2020\/02\/call-to-action-10w.jpg","thumbnail-image-url":"https:\/\/websitedemos.net\/wp-content\/uploads\/2020\/02\/call-to-action-10w-600x300.jpg","url":"https:\/\/websitedemos.net\/astra-blocks\/call-to-action-10w\/","tag":{"819":"call-to-action"},"category":832,"filter":"light"},"id-44754":{"title":"Call To Action 5B","featured-image-url":"https:\/\/websitedemos.net\/wp-content\/uploads\/2020\/02\/call-to-action-5b.jpg","thumbnail-image-url":"https:\/\/websitedemos.net\/wp-content\/uploads\/2020\/02\/call-to-action-5b-600x246.jpg","url":"https:\/\/websitedemos.net\/astra-blocks\/call-to-action-5b\/","tag":{"819":"call-to-action"},"category":832,"filter":"dark"},"id-44744":{"title":"Call To Action 5W","featured-image-url":"https:\/\/websitedemos.net\/wp-content\/uploads\/2020\/02\/call-to-action-5w.jpg","thumbnail-image-url":"https:\/\/websitedemos.net\/wp-content\/uploads\/2020\/02\/call-to-action-5w-600x246.jpg","url":"https:\/\/websitedemos.net\/astra-blocks\/call-to-action-5w\/","tag":{"819":"call-to-action"},"category":832,"filter":"light"},"id-44734":{"title":"About 10B","featured-image-url":"https:\/\/websitedemos.net\/wp-content\/uploads\/2020\/02\/about-10b.jpg","thumbnail-image-url":"https:\/\/websitedemos.net\/wp-content\/uploads\/2020\/02\/about-10b-600x597.jpg","url":"https:\/\/websitedemos.net\/astra-blocks\/about-10b\/","tag":{"818":"about"},"category":825,"filter":"dark"},"id-44709":{"title":"Portfolio 7W","featured-image-url":"https:\/\/websitedemos.net\/wp-content\/uploads\/2020\/02\/portfolio-7w.jpg","thumbnail-image-url":"https:\/\/websitedemos.net\/wp-content\/uploads\/2020\/02\/portfolio-7w-600x599.jpg","url":"https:\/\/websitedemos.net\/astra-blocks\/portfolio-7w\/","tag":{"1426":"portfolio"},"category":1425,"filter":"light"},"id-44699":{"title":"About 10W","featured-image-url":"https:\/\/websitedemos.net\/wp-content\/uploads\/2020\/02\/about-10w.jpg","thumbnail-image-url":"https:\/\/websitedemos.net\/wp-content\/uploads\/2020\/02\/about-10w-600x597.jpg","url":"https:\/\/websitedemos.net\/astra-blocks\/about-10w\/","tag":{"818":"about"},"category":825,"filter":"light"},"id-44687":{"title":"Hero 5W","featured-image-url":"https:\/\/websitedemos.net\/wp-content\/uploads\/2020\/02\/hero-5w.jpg","thumbnail-image-url":"https:\/\/websitedemos.net\/wp-content\/uploads\/2020\/02\/hero-5w-600x598.jpg","url":"https:\/\/websitedemos.net\/astra-blocks\/hero-5w\/","tag":{"817":"hero"},"category":831,"filter":"light"},"id-44634":{"title":"Portfolio 6W","featured-image-url":"https:\/\/websitedemos.net\/wp-content\/uploads\/2020\/02\/portfolio-6w.jpg","thumbnail-image-url":"https:\/\/websitedemos.net\/wp-content\/uploads\/2020\/02\/portfolio-6w-600x800.jpg","url":"https:\/\/websitedemos.net\/astra-blocks\/portfolio-6w\/","tag":{"1426":"portfolio"},"category":1425,"filter":"light"},"id-44524":{"title":"Portfolio 5W","featured-image-url":"https:\/\/websitedemos.net\/wp-content\/uploads\/2020\/02\/portfolio-5w.jpg","thumbnail-image-url":"https:\/\/websitedemos.net\/wp-content\/uploads\/2020\/02\/portfolio-5w-600x690.jpg","url":"https:\/\/websitedemos.net\/astra-blocks\/portfolio-5w\/","tag":{"1426":"portfolio"},"category":1425,"filter":"light"},"id-44483":{"title":"Portfolio 4B","featured-image-url":"https:\/\/websitedemos.net\/wp-content\/uploads\/2020\/02\/portfolio-4b.jpg","thumbnail-image-url":"https:\/\/websitedemos.net\/wp-content\/uploads\/2020\/02\/portfolio-4b-600x586.jpg","url":"https:\/\/websitedemos.net\/astra-blocks\/portfolio-4b\/","tag":{"1426":"portfolio"},"category":1425,"filter":"dark"},"id-44465":{"title":"Portfolio 3B","featured-image-url":"https:\/\/websitedemos.net\/wp-content\/uploads\/2020\/02\/portfolio-3b.jpg","thumbnail-image-url":"https:\/\/websitedemos.net\/wp-content\/uploads\/2020\/02\/portfolio-3b-600x800.jpg","url":"https:\/\/websitedemos.net\/astra-blocks\/portfolio-3b\/","tag":{"1426":"portfolio"},"category":1425,"filter":"dark"},"id-44433":{"title":"Portfolio 4W","featured-image-url":"https:\/\/websitedemos.net\/wp-content\/uploads\/2020\/02\/portfolio-4w.jpg","thumbnail-image-url":"https:\/\/websitedemos.net\/wp-content\/uploads\/2020\/02\/portfolio-4w-600x586.jpg","url":"https:\/\/websitedemos.net\/astra-blocks\/portfolio-4w\/","tag":{"1426":"portfolio"},"category":1425,"filter":"light"},"id-44385":{"title":"Portfolio 3W","featured-image-url":"https:\/\/websitedemos.net\/wp-content\/uploads\/2020\/02\/portfolio-3w.jpg","thumbnail-image-url":"https:\/\/websitedemos.net\/wp-content\/uploads\/2020\/02\/portfolio-3w-600x800.jpg","url":"https:\/\/websitedemos.net\/astra-blocks\/portfolio-3w\/","tag":{"1426":"portfolio"},"category":1425,"filter":"light"},"id-44359":{"title":"Portfolio 2W","featured-image-url":"https:\/\/websitedemos.net\/wp-content\/uploads\/2020\/02\/portfolio-2w.jpg","thumbnail-image-url":"https:\/\/websitedemos.net\/wp-content\/uploads\/2020\/02\/portfolio-2w-600x651.jpg","url":"https:\/\/websitedemos.net\/astra-blocks\/portfolio-2w\/","tag":{"1426":"portfolio"},"category":1425,"filter":"light"},"id-44337":{"title":"Portfolio 1W","featured-image-url":"https:\/\/websitedemos.net\/wp-content\/uploads\/2020\/02\/portfolio-1w.jpg","thumbnail-image-url":"https:\/\/websitedemos.net\/wp-content\/uploads\/2020\/02\/portfolio-1w-600x800.jpg","url":"https:\/\/websitedemos.net\/astra-blocks\/portfolio-1w\/","tag":{"1426":"portfolio"},"category":1425,"filter":"light"},"id-44334":{"title":"Single Quote 2W","featured-image-url":"https:\/\/websitedemos.net\/wp-content\/uploads\/2020\/03\/single-quote-2w.jpg","thumbnail-image-url":"https:\/\/websitedemos.net\/wp-content\/uploads\/2020\/03\/single-quote-2w-600x335.jpg","url":"https:\/\/websitedemos.net\/astra-blocks\/single-quote-2w\/","tag":{"1423":"single-quote"},"category":1424,"filter":"light"},"id-44309":{"title":"Single Quote 1W","featured-image-url":"https:\/\/websitedemos.net\/wp-content\/uploads\/2020\/03\/single-quote-1w.jpg","thumbnail-image-url":"https:\/\/websitedemos.net\/wp-content\/uploads\/2020\/03\/single-quote-1w-600x351.jpg","url":"https:\/\/websitedemos.net\/astra-blocks\/single-quote-1w\/","tag":{"1423":"single-quote"},"category":1424,"filter":"light"},"id-44304":{"title":"Contact 9B","featured-image-url":"https:\/\/websitedemos.net\/wp-content\/uploads\/2020\/02\/contact-9b.jpg","thumbnail-image-url":"https:\/\/websitedemos.net\/wp-content\/uploads\/2020\/02\/contact-9b-600x597.jpg","url":"https:\/\/websitedemos.net\/astra-blocks\/contact-9b\/","tag":{"823":"contact"},"category":1416,"filter":"dark"},"id-44286":{"title":"Contact 8B","featured-image-url":"https:\/\/websitedemos.net\/wp-content\/uploads\/2020\/02\/contact-8b.jpg","thumbnail-image-url":"https:\/\/websitedemos.net\/wp-content\/uploads\/2020\/02\/contact-8b-600x686.jpg","url":"https:\/\/websitedemos.net\/astra-blocks\/contact-8b\/","tag":{"823":"contact"},"category":1416,"filter":"dark"},"id-44189":{"title":"Contact 9W","featured-image-url":"https:\/\/websitedemos.net\/wp-content\/uploads\/2020\/02\/contact-9w.jpg","thumbnail-image-url":"https:\/\/websitedemos.net\/wp-content\/uploads\/2020\/02\/contact-9w-600x597.jpg","url":"https:\/\/websitedemos.net\/astra-blocks\/contact-9w\/","tag":{"823":"contact"},"category":1416,"filter":"light"},"id-44123":{"title":"Contact 8W","featured-image-url":"https:\/\/websitedemos.net\/wp-content\/uploads\/2020\/02\/contact-8w.jpg","thumbnail-image-url":"https:\/\/websitedemos.net\/wp-content\/uploads\/2020\/02\/contact-8w-600x686.jpg","url":"https:\/\/websitedemos.net\/astra-blocks\/contact-8w\/","tag":{"823":"contact"},"category":1416,"filter":"light"},"id-43990":{"title":"Contact 7W","featured-image-url":"https:\/\/websitedemos.net\/wp-content\/uploads\/2020\/02\/contact-7w.jpg","thumbnail-image-url":"https:\/\/websitedemos.net\/wp-content\/uploads\/2020\/02\/contact-7w-600x791.jpg","url":"https:\/\/websitedemos.net\/astra-blocks\/contact-7w\/","tag":{"823":"contact"},"category":1416,"filter":"light"},"id-43984":{"title":"Contact 6B","featured-image-url":"https:\/\/websitedemos.net\/wp-content\/uploads\/2020\/02\/contact-6b.jpg","thumbnail-image-url":"https:\/\/websitedemos.net\/wp-content\/uploads\/2020\/02\/contact-6b-600x672.jpg","url":"https:\/\/websitedemos.net\/astra-blocks\/contact-6b\/","tag":{"823":"contact"},"category":1416,"filter":"dark"},"id-43983":{"title":"Contact 6W","featured-image-url":"https:\/\/websitedemos.net\/wp-content\/uploads\/2020\/02\/contact-6w.jpg","thumbnail-image-url":"https:\/\/websitedemos.net\/wp-content\/uploads\/2020\/02\/contact-6w-600x672.jpg","url":"https:\/\/websitedemos.net\/astra-blocks\/contact-6w\/","tag":{"823":"contact"},"category":1416,"filter":"light"},"id-43964":{"title":"Contact 5B","featured-image-url":"https:\/\/websitedemos.net\/wp-content\/uploads\/2020\/02\/contact-5b.jpg","thumbnail-image-url":"https:\/\/websitedemos.net\/wp-content\/uploads\/2020\/02\/contact-5b-600x682.jpg","url":"https:\/\/websitedemos.net\/astra-blocks\/contact-5b\/","tag":{"823":"contact"},"category":1416,"filter":"dark"},"id-43951":{"title":"Contact 5W","featured-image-url":"https:\/\/websitedemos.net\/wp-content\/uploads\/2020\/02\/contact-5w.jpg","thumbnail-image-url":"https:\/\/websitedemos.net\/wp-content\/uploads\/2020\/02\/contact-5w-600x682.jpg","url":"https:\/\/websitedemos.net\/astra-blocks\/contact-5w\/","tag":{"823":"contact"},"category":1416,"filter":"light"},"id-43947":{"title":"Contact 4B","featured-image-url":"https:\/\/websitedemos.net\/wp-content\/uploads\/2020\/02\/contact-4b.jpg","thumbnail-image-url":"https:\/\/websitedemos.net\/wp-content\/uploads\/2020\/02\/contact-4b-600x653.jpg","url":"https:\/\/websitedemos.net\/astra-blocks\/contact-4b\/","tag":{"823":"contact"},"category":1416,"filter":"dark"},"id-43934":{"title":"Contact 4W","featured-image-url":"https:\/\/websitedemos.net\/wp-content\/uploads\/2020\/02\/contact-4w.jpg","thumbnail-image-url":"https:\/\/websitedemos.net\/wp-content\/uploads\/2020\/02\/contact-4w-600x653.jpg","url":"https:\/\/websitedemos.net\/astra-blocks\/contact-4w\/","tag":{"823":"contact"},"category":1416,"filter":"light"},"id-43930":{"title":"Contact 3B","featured-image-url":"https:\/\/websitedemos.net\/wp-content\/uploads\/2020\/02\/contact-3b.jpg","thumbnail-image-url":"https:\/\/websitedemos.net\/wp-content\/uploads\/2020\/02\/contact-3b-600x712.jpg","url":"https:\/\/websitedemos.net\/astra-blocks\/contact-3b\/","tag":{"823":"contact"},"category":1416,"filter":"dark"},"id-43906":{"title":"Contact 3W","featured-image-url":"https:\/\/websitedemos.net\/wp-content\/uploads\/2020\/02\/contact-3w.jpg","thumbnail-image-url":"https:\/\/websitedemos.net\/wp-content\/uploads\/2020\/02\/contact-3w-600x712.jpg","url":"https:\/\/websitedemos.net\/astra-blocks\/contact-3w\/","tag":{"823":"contact"},"category":1416,"filter":"light"},"id-43901":{"title":"Contact 2B","featured-image-url":"https:\/\/websitedemos.net\/wp-content\/uploads\/2020\/02\/contact-2b.jpg","thumbnail-image-url":"https:\/\/websitedemos.net\/wp-content\/uploads\/2020\/02\/contact-2b-600x668.jpg","url":"https:\/\/websitedemos.net\/astra-blocks\/contact-2b\/","tag":{"823":"contact"},"category":1416,"filter":"dark"},"id-43887":{"title":"Contact 2W","featured-image-url":"https:\/\/websitedemos.net\/wp-content\/uploads\/2020\/02\/contact-2w.jpg","thumbnail-image-url":"https:\/\/websitedemos.net\/wp-content\/uploads\/2020\/02\/contact-2w-600x668.jpg","url":"https:\/\/websitedemos.net\/astra-blocks\/contact-2w\/","tag":{"823":"contact"},"category":1416,"filter":"light"},"id-43883":{"title":"Contact 1B","featured-image-url":"https:\/\/websitedemos.net\/wp-content\/uploads\/2020\/02\/contact-1b.jpg","thumbnail-image-url":"https:\/\/websitedemos.net\/wp-content\/uploads\/2020\/02\/contact-1b-600x645.jpg","url":"https:\/\/websitedemos.net\/astra-blocks\/contact-1b\/","tag":{"823":"contact"},"category":1416,"filter":"dark"},"id-43873":{"title":"Contact 1W","featured-image-url":"https:\/\/websitedemos.net\/wp-content\/uploads\/2020\/02\/contact-1w.jpg","thumbnail-image-url":"https:\/\/websitedemos.net\/wp-content\/uploads\/2020\/02\/contact-1w-600x645.jpg","url":"https:\/\/websitedemos.net\/astra-blocks\/contact-1w\/","tag":{"823":"contact"},"category":1416,"filter":"light"},"id-43103":{"title":"Hero 8B","featured-image-url":"https:\/\/websitedemos.net\/wp-content\/uploads\/2020\/01\/hero-8b.jpg","thumbnail-image-url":"https:\/\/websitedemos.net\/wp-content\/uploads\/2020\/01\/hero-8b-600x800.jpg","url":"https:\/\/websitedemos.net\/astra-blocks\/hero-8b\/","tag":{"817":"hero"},"category":831,"filter":"dark"},"id-43099":{"title":"Hero 8W","featured-image-url":"https:\/\/websitedemos.net\/wp-content\/uploads\/2020\/01\/hero-8w.jpg","thumbnail-image-url":"https:\/\/websitedemos.net\/wp-content\/uploads\/2020\/01\/hero-8w-600x800.jpg","url":"https:\/\/websitedemos.net\/astra-blocks\/hero-8w\/","tag":{"817":"hero"},"category":831,"filter":"light"},"id-43090":{"title":"Hero 6B","featured-image-url":"https:\/\/websitedemos.net\/wp-content\/uploads\/2020\/01\/hero-6b.jpg","thumbnail-image-url":"https:\/\/websitedemos.net\/wp-content\/uploads\/2020\/01\/hero-6b-600x621.jpg","url":"https:\/\/websitedemos.net\/astra-blocks\/hero-6b\/","tag":{"817":"hero"},"category":831,"filter":"dark"},"id-43056":{"title":"Testimonial 10B","featured-image-url":"https:\/\/websitedemos.net\/wp-content\/uploads\/2020\/01\/testimonial-10b.jpg","thumbnail-image-url":"https:\/\/websitedemos.net\/wp-content\/uploads\/2020\/01\/testimonial-10b-600x679.jpg","url":"https:\/\/websitedemos.net\/astra-blocks\/testimonial-10b\/","tag":{"1095":"reviews","844":"testimonial"},"category":830,"filter":"dark"},"id-43022":{"title":"Team 10B","featured-image-url":"https:\/\/websitedemos.net\/wp-content\/uploads\/2020\/01\/team-10b.jpg","thumbnail-image-url":"https:\/\/websitedemos.net\/wp-content\/uploads\/2020\/01\/team-10b-600x729.jpg","url":"https:\/\/websitedemos.net\/astra-blocks\/team-10b\/","tag":{"927":"team"},"category":829,"filter":""},"id-43018":{"title":"Team 10W","featured-image-url":"https:\/\/websitedemos.net\/wp-content\/uploads\/2020\/01\/team-10w.jpg","thumbnail-image-url":"https:\/\/websitedemos.net\/wp-content\/uploads\/2020\/01\/team-10w-600x729.jpg","url":"https:\/\/websitedemos.net\/astra-blocks\/team-10w\/","tag":{"927":"team"},"category":829,"filter":"light"},"id-43013":{"title":"Services 12B","featured-image-url":"https:\/\/websitedemos.net\/wp-content\/uploads\/2020\/01\/services-12b.jpg","thumbnail-image-url":"https:\/\/websitedemos.net\/wp-content\/uploads\/2020\/01\/services-12b-600x577.jpg","url":"https:\/\/websitedemos.net\/astra-blocks\/services-12b\/","tag":{"953":"services"},"category":952,"filter":"dark"},"id-43009":{"title":"Services 12W","featured-image-url":"https:\/\/websitedemos.net\/wp-content\/uploads\/2020\/01\/services-12w.jpg","thumbnail-image-url":"https:\/\/websitedemos.net\/wp-content\/uploads\/2020\/01\/services-12w-600x577.jpg","url":"https:\/\/websitedemos.net\/astra-blocks\/services-12w\/","tag":{"953":"services"},"category":952,"filter":"light"},"id-43000":{"title":"Services 11B","featured-image-url":"https:\/\/websitedemos.net\/wp-content\/uploads\/2020\/01\/services-11b.jpg","thumbnail-image-url":"https:\/\/websitedemos.net\/wp-content\/uploads\/2020\/01\/services-11b-600x800.jpg","url":"https:\/\/websitedemos.net\/astra-blocks\/services-11b\/","tag":{"953":"services"},"category":952,"filter":"dark"},"id-42974":{"title":"Services 11W","featured-image-url":"https:\/\/websitedemos.net\/wp-content\/uploads\/2020\/01\/services-11w.jpg","thumbnail-image-url":"https:\/\/websitedemos.net\/wp-content\/uploads\/2020\/01\/services-11w-600x800.jpg","url":"https:\/\/websitedemos.net\/astra-blocks\/services-11w\/","tag":{"953":"services"},"category":952,"filter":"light"},"id-42960":{"title":"Call To Action 8B","featured-image-url":"https:\/\/websitedemos.net\/wp-content\/uploads\/2020\/01\/call-to-action-11b.jpg","thumbnail-image-url":"https:\/\/websitedemos.net\/wp-content\/uploads\/2020\/01\/call-to-action-11b-600x439.jpg","url":"https:\/\/websitedemos.net\/astra-blocks\/call-to-action-8b\/","tag":{"819":"call-to-action"},"category":832,"filter":"dark"},"id-42950":{"title":"About 9B","featured-image-url":"https:\/\/websitedemos.net\/wp-content\/uploads\/2020\/01\/about-9b.jpg","thumbnail-image-url":"https:\/\/websitedemos.net\/wp-content\/uploads\/2020\/01\/about-9b-600x668.jpg","url":"https:\/\/websitedemos.net\/astra-blocks\/about-9b\/","tag":{"818":"about"},"category":825,"filter":"dark"},"id-42885":{"title":"Heading 8B","featured-image-url":"https:\/\/websitedemos.net\/wp-content\/uploads\/2020\/01\/heading-8b.jpg","thumbnail-image-url":"https:\/\/websitedemos.net\/wp-content\/uploads\/2020\/01\/heading-8b-600x348.jpg","url":"https:\/\/websitedemos.net\/astra-blocks\/heading-8b\/","tag":{"1093":"heading"},"category":1094,"filter":"dark"},"id-42884":{"title":"Heading 8W","featured-image-url":"https:\/\/websitedemos.net\/wp-content\/uploads\/2020\/01\/heading-8w.jpg","thumbnail-image-url":"https:\/\/websitedemos.net\/wp-content\/uploads\/2020\/01\/heading-8w-600x348.jpg","url":"https:\/\/websitedemos.net\/astra-blocks\/heading-8w\/","tag":{"1093":"heading"},"category":1094,"filter":"light"},"id-42869":{"title":"Heading 7B","featured-image-url":"https:\/\/websitedemos.net\/wp-content\/uploads\/2020\/01\/heading-7b.jpg","thumbnail-image-url":"https:\/\/websitedemos.net\/wp-content\/uploads\/2020\/01\/heading-7b-600x387.jpg","url":"https:\/\/websitedemos.net\/astra-blocks\/heading-7b\/","tag":{"1093":"heading"},"category":1094,"filter":"dark"}}