{"id-20810":{"title":"Growth Marketer","featured-image-url":"https:\/\/websitedemos.net\/wp-content\/uploads\/2019\/07\/growthmarketer-home-screenshot.png","thumbnail-image-url":"https:\/\/websitedemos.net\/wp-content\/uploads\/2019\/07\/growthmarketer-home-screenshot-600x800.png","fullpage-thumbnail-image-url":"https:\/\/websitedemos.net\/wp-content\/uploads\/2019\/07\/growthmarketer-home-screenshot-400x1385.png","astra-site-url":"\/\/websitedemos.net\/content-marketing-01","astra-site-parent-id":227,"astra-sites-tag":{"470":"content-marketing","472":"growth","471":"strategy"},"astra-sites-type":"free","astra-site-page-builder":"beaver-builder","astra-site-category":{"27":"business","39":"free"},"pages":{"id-24451":{"title":"Home","featured-image-url":"https:\/\/websitedemos.net\/wp-content\/uploads\/2019\/07\/growthmarketer-home-screenshot.png","thumbnail-image-url":"https:\/\/websitedemos.net\/wp-content\/uploads\/2019\/07\/growthmarketer-home-screenshot-600x800.png","astra-page-api-url":"https:\/\/websitedemos.net\/content-marketing-01\/wp-json\/wp\/v2\/pages\/106","dynamic-page":"no","astra-page-url":"\/\/websitedemos.net\/content-marketing-01\/","astra-sites-tag":{"423":"home"},"site-pages-type":"free","site-pages-page-builder":"beaver-builder","site-pages-category":[],"site-pages-parent-category":{"60":"business","61":"free"}},"id-24448":{"title":"About","featured-image-url":"https:\/\/websitedemos.net\/wp-content\/uploads\/2019\/07\/growthmarketer-about-screenshot.png","thumbnail-image-url":"https:\/\/websitedemos.net\/wp-content\/uploads\/2019\/07\/growthmarketer-about-screenshot-600x800.png","astra-page-api-url":"https:\/\/websitedemos.net\/content-marketing-01\/wp-json\/wp\/v2\/pages\/6","dynamic-page":"no","astra-page-url":"\/\/websitedemos.net\/content-marketing-01\/about\/","astra-sites-tag":{"352":"about"},"site-pages-type":"free","site-pages-page-builder":"beaver-builder","site-pages-category":[],"site-pages-parent-category":{"60":"business","61":"free"}},"id-24452":{"title":"Testimonials","featured-image-url":"https:\/\/websitedemos.net\/wp-content\/uploads\/2019\/07\/growthmarketer-testimonials-screenshot.png","thumbnail-image-url":"https:\/\/websitedemos.net\/wp-content\/uploads\/2019\/07\/growthmarketer-testimonials-screenshot-600x800.png","astra-page-api-url":"https:\/\/websitedemos.net\/content-marketing-01\/wp-json\/wp\/v2\/pages\/7","dynamic-page":"no","astra-page-url":"\/\/websitedemos.net\/content-marketing-01\/testimonials\/","astra-sites-tag":{"433":"testimonials"},"site-pages-type":"free","site-pages-page-builder":"beaver-builder","site-pages-category":[],"site-pages-parent-category":{"60":"business","61":"free"}},"id-24450":{"title":"Hire Me","featured-image-url":"https:\/\/websitedemos.net\/wp-content\/uploads\/2019\/07\/growthmarketer-hire-screenshot.png","thumbnail-image-url":"https:\/\/websitedemos.net\/wp-content\/uploads\/2019\/07\/id-24450-growth-marketer-hire-me-resize.jpg","astra-page-api-url":"https:\/\/websitedemos.net\/content-marketing-01\/wp-json\/wp\/v2\/pages\/9","dynamic-page":"no","astra-page-url":"\/\/websitedemos.net\/content-marketing-01\/hire-me\/","astra-sites-tag":{"773":"hire-me"},"site-pages-type":"free","site-pages-page-builder":"beaver-builder","site-pages-category":[],"site-pages-parent-category":{"60":"business","61":"free"}}}},"id-20904":{"title":"Barber Shop","featured-image-url":"https:\/\/websitedemos.net\/wp-content\/uploads\/2019\/07\/barber-shop-01-home.jpg","thumbnail-image-url":"https:\/\/websitedemos.net\/wp-content\/uploads\/2019\/07\/barber-shop-01-home-600x800.jpg","fullpage-thumbnail-image-url":"https:\/\/websitedemos.net\/wp-content\/uploads\/2019\/07\/barber-shop-01-home-400x1868.jpg","astra-site-url":"\/\/websitedemos.net\/barber-shop-01","astra-site-parent-id":120,"astra-sites-tag":{"478":"barber","474":"grooming","477":"hair-care","984":"hairstyle","982":"hairstylist"},"astra-sites-type":"free","astra-site-page-builder":"beaver-builder","astra-site-category":{"27":"business","39":"free"},"pages":{"id-23135":{"title":"Home","featured-image-url":"https:\/\/websitedemos.net\/wp-content\/uploads\/2019\/07\/barber-shop-01-home.jpg","thumbnail-image-url":"https:\/\/websitedemos.net\/wp-content\/uploads\/2019\/07\/barber-shop-01-home-600x800.jpg","astra-page-api-url":"https:\/\/websitedemos.net\/barber-shop-01\/wp-json\/wp\/v2\/pages\/145","dynamic-page":"no","astra-page-url":"\/\/websitedemos.net\/barber-shop-01\/","astra-sites-tag":{"423":"home"},"site-pages-type":"free","site-pages-page-builder":"beaver-builder","site-pages-category":[],"site-pages-parent-category":{"60":"business","61":"free"}},"id-23131":{"title":"About","featured-image-url":"https:\/\/websitedemos.net\/wp-content\/uploads\/2019\/07\/barber-shop-01-about.jpg","thumbnail-image-url":"https:\/\/websitedemos.net\/wp-content\/uploads\/2019\/07\/barber-shop-01-about-600x800.jpg","astra-page-api-url":"https:\/\/websitedemos.net\/barber-shop-01\/wp-json\/wp\/v2\/pages\/7","dynamic-page":"no","astra-page-url":"\/\/websitedemos.net\/barber-shop-01\/about\/","astra-sites-tag":{"352":"about"},"site-pages-type":"free","site-pages-page-builder":"beaver-builder","site-pages-category":[],"site-pages-parent-category":{"60":"business","61":"free"}},"id-23132":{"title":"Barbers","featured-image-url":"https:\/\/websitedemos.net\/wp-content\/uploads\/2019\/07\/barber-shop-01-barbers.jpg","thumbnail-image-url":"https:\/\/websitedemos.net\/wp-content\/uploads\/2019\/07\/barber-shop-01-barbers-600x800.jpg","astra-page-api-url":"https:\/\/websitedemos.net\/barber-shop-01\/wp-json\/wp\/v2\/pages\/9","dynamic-page":"no","astra-page-url":"\/\/websitedemos.net\/barber-shop-01\/barbers\/","astra-sites-tag":{"478":"barber"},"site-pages-type":"free","site-pages-page-builder":"beaver-builder","site-pages-category":[],"site-pages-parent-category":{"60":"business","61":"free"}},"id-23134":{"title":"Gallery","featured-image-url":"https:\/\/websitedemos.net\/wp-content\/uploads\/2019\/07\/barber-shop-01-gallery.jpg","thumbnail-image-url":"https:\/\/websitedemos.net\/wp-content\/uploads\/2019\/07\/barber-shop-01-gallery-600x800.jpg","astra-page-api-url":"https:\/\/websitedemos.net\/barber-shop-01\/wp-json\/wp\/v2\/pages\/8","dynamic-page":"no","astra-page-url":"\/\/websitedemos.net\/barber-shop-01\/gallery\/","astra-sites-tag":{"461":"gallery"},"site-pages-type":"free","site-pages-page-builder":"beaver-builder","site-pages-category":[],"site-pages-parent-category":{"60":"business","61":"free"}},"id-23133":{"title":"Contact","featured-image-url":"https:\/\/websitedemos.net\/wp-content\/uploads\/2019\/07\/barber-shop-01-contact-1.jpg","thumbnail-image-url":"https:\/\/websitedemos.net\/wp-content\/uploads\/2019\/07\/barber-shop-01-contact-1-600x800.jpg","astra-page-api-url":"https:\/\/websitedemos.net\/barber-shop-01\/wp-json\/wp\/v2\/pages\/11","dynamic-page":"no","astra-page-url":"\/\/websitedemos.net\/barber-shop-01\/contact\/","astra-sites-tag":{"415":"contact"},"site-pages-type":"free","site-pages-page-builder":"beaver-builder","site-pages-category":[],"site-pages-parent-category":{"60":"business","61":"free"}}}},"id-20807":{"title":"Growth Marketer","featured-image-url":"https:\/\/websitedemos.net\/wp-content\/uploads\/2019\/07\/growthmarketer-home-screenshot.png","thumbnail-image-url":"https:\/\/websitedemos.net\/wp-content\/uploads\/2019\/07\/growthmarketer-home-screenshot-600x800.png","fullpage-thumbnail-image-url":"https:\/\/websitedemos.net\/wp-content\/uploads\/2019\/07\/growthmarketer-home-screenshot-400x1385.png","astra-site-url":"\/\/websitedemos.net\/content-marketing-02","astra-site-parent-id":225,"astra-sites-tag":{"470":"content-marketing","472":"growth","471":"strategy"},"astra-sites-type":"free","astra-site-page-builder":"elementor","astra-site-category":{"27":"business","39":"free"},"pages":{"id-24433":{"title":"Home","featured-image-url":"https:\/\/websitedemos.net\/wp-content\/uploads\/2019\/07\/growthmarketer-home-screenshot.png","thumbnail-image-url":"https:\/\/websitedemos.net\/wp-content\/uploads\/2019\/07\/growthmarketer-home-screenshot-600x800.png","astra-page-api-url":"https:\/\/websitedemos.net\/content-marketing-02\/wp-json\/wp\/v2\/pages\/4","dynamic-page":"no","astra-page-url":"\/\/websitedemos.net\/content-marketing-02\/","astra-sites-tag":{"423":"home"},"site-pages-type":"free","site-pages-page-builder":"elementor","site-pages-category":[],"site-pages-parent-category":{"60":"business","61":"free"}},"id-24430":{"title":"About","featured-image-url":"https:\/\/websitedemos.net\/wp-content\/uploads\/2019\/07\/growthmarketer-about-screenshot.png","thumbnail-image-url":"https:\/\/websitedemos.net\/wp-content\/uploads\/2019\/07\/growthmarketer-about-screenshot-600x800.png","astra-page-api-url":"https:\/\/websitedemos.net\/content-marketing-02\/wp-json\/wp\/v2\/pages\/6","dynamic-page":"no","astra-page-url":"\/\/websitedemos.net\/content-marketing-02\/about\/","astra-sites-tag":{"352":"about"},"site-pages-type":"free","site-pages-page-builder":"elementor","site-pages-category":[],"site-pages-parent-category":{"60":"business","61":"free"}},"id-24434":{"title":"Testimonials","featured-image-url":"https:\/\/websitedemos.net\/wp-content\/uploads\/2019\/07\/growthmarketer-testimonials-screenshot.png","thumbnail-image-url":"https:\/\/websitedemos.net\/wp-content\/uploads\/2019\/07\/growthmarketer-testimonials-screenshot-600x800.png","astra-page-api-url":"https:\/\/websitedemos.net\/content-marketing-02\/wp-json\/wp\/v2\/pages\/7","dynamic-page":"no","astra-page-url":"\/\/websitedemos.net\/content-marketing-02\/testimonials\/","astra-sites-tag":{"433":"testimonials"},"site-pages-type":"free","site-pages-page-builder":"elementor","site-pages-category":[],"site-pages-parent-category":{"60":"business","61":"free"}},"id-24432":{"title":"Hire Me","featured-image-url":"https:\/\/websitedemos.net\/wp-content\/uploads\/2019\/07\/growthmarketer-hire-screenshot.png","thumbnail-image-url":"https:\/\/websitedemos.net\/wp-content\/uploads\/2019\/07\/id-24432-growth-marketer-hire-me-resize.jpg","astra-page-api-url":"https:\/\/websitedemos.net\/content-marketing-02\/wp-json\/wp\/v2\/pages\/9","dynamic-page":"no","astra-page-url":"\/\/websitedemos.net\/content-marketing-02\/hire-me\/","astra-sites-tag":{"415":"contact"},"site-pages-type":"free","site-pages-page-builder":"elementor","site-pages-category":[],"site-pages-parent-category":{"60":"business","61":"free"}}}},"id-20816":{"title":"Barber Shop","featured-image-url":"https:\/\/websitedemos.net\/wp-content\/uploads\/2019\/07\/barber-shop-02-home.jpg","thumbnail-image-url":"https:\/\/websitedemos.net\/wp-content\/uploads\/2019\/07\/barber-shop-02-home-600x800.jpg","fullpage-thumbnail-image-url":"https:\/\/websitedemos.net\/wp-content\/uploads\/2019\/07\/barber-shop-02-home-400x1764.jpg","astra-site-url":"\/\/websitedemos.net\/barber-shop-02","astra-site-parent-id":119,"astra-sites-tag":{"478":"barber","474":"grooming","477":"hair-care","984":"hairstyle","982":"hairstylist","1021":"local-business"},"astra-sites-type":"free","astra-site-page-builder":"elementor","astra-site-category":{"27":"business","39":"free"},"pages":{"id-23121":{"title":"Home","featured-image-url":"https:\/\/websitedemos.net\/wp-content\/uploads\/2019\/07\/barber-shop-02-home.jpg","thumbnail-image-url":"https:\/\/websitedemos.net\/wp-content\/uploads\/2019\/07\/barber-shop-02-home-600x800.jpg","astra-page-api-url":"https:\/\/websitedemos.net\/barber-shop-02\/wp-json\/wp\/v2\/pages\/5","dynamic-page":"no","astra-page-url":"\/\/websitedemos.net\/barber-shop-02\/","astra-sites-tag":{"423":"home"},"site-pages-type":"free","site-pages-page-builder":"elementor","site-pages-category":[],"site-pages-parent-category":{"60":"business","61":"free"}},"id-23117":{"title":"About","featured-image-url":"https:\/\/websitedemos.net\/wp-content\/uploads\/2019\/07\/barber-shop-02-about.jpg","thumbnail-image-url":"https:\/\/websitedemos.net\/wp-content\/uploads\/2019\/07\/barber-shop-02-about-600x800.jpg","astra-page-api-url":"https:\/\/websitedemos.net\/barber-shop-02\/wp-json\/wp\/v2\/pages\/7","dynamic-page":"no","astra-page-url":"\/\/websitedemos.net\/barber-shop-02\/about\/","astra-sites-tag":{"352":"about"},"site-pages-type":"free","site-pages-page-builder":"elementor","site-pages-category":[],"site-pages-parent-category":{"60":"business","61":"free"}},"id-23118":{"title":"Barbers","featured-image-url":"https:\/\/websitedemos.net\/wp-content\/uploads\/2019\/07\/barber-shop-02-barbers.jpg","thumbnail-image-url":"https:\/\/websitedemos.net\/wp-content\/uploads\/2019\/07\/barber-shop-02-barbers-600x800.jpg","astra-page-api-url":"https:\/\/websitedemos.net\/barber-shop-02\/wp-json\/wp\/v2\/pages\/9","dynamic-page":"no","astra-page-url":"\/\/websitedemos.net\/barber-shop-02\/barbers\/","astra-sites-tag":{"478":"barber"},"site-pages-type":"free","site-pages-page-builder":"elementor","site-pages-category":[],"site-pages-parent-category":{"60":"business","61":"free"}},"id-23120":{"title":"Gallery","featured-image-url":"https:\/\/websitedemos.net\/wp-content\/uploads\/2019\/07\/barber-shop-02-gallery.jpg","thumbnail-image-url":"https:\/\/websitedemos.net\/wp-content\/uploads\/2019\/07\/barber-shop-02-gallery-600x800.jpg","astra-page-api-url":"https:\/\/websitedemos.net\/barber-shop-02\/wp-json\/wp\/v2\/pages\/8","dynamic-page":"no","astra-page-url":"\/\/websitedemos.net\/barber-shop-02\/gallery\/","astra-sites-tag":{"461":"gallery"},"site-pages-type":"free","site-pages-page-builder":"elementor","site-pages-category":[],"site-pages-parent-category":{"60":"business","61":"free"}},"id-23119":{"title":"Contact","featured-image-url":"https:\/\/websitedemos.net\/wp-content\/uploads\/2019\/07\/barber-shop-02-contact-1.jpg","thumbnail-image-url":"https:\/\/websitedemos.net\/wp-content\/uploads\/2019\/07\/barber-shop-02-contact-1-600x800.jpg","astra-page-api-url":"https:\/\/websitedemos.net\/barber-shop-02\/wp-json\/wp\/v2\/pages\/11","dynamic-page":"no","astra-page-url":"\/\/websitedemos.net\/barber-shop-02\/contact\/","astra-sites-tag":{"415":"contact"},"site-pages-type":"free","site-pages-page-builder":"elementor","site-pages-category":[],"site-pages-parent-category":{"60":"business","61":"free"}}}},"id-20732":{"title":"Photography Portfolio","featured-image-url":"https:\/\/websitedemos.net\/wp-content\/uploads\/2018\/12\/photographer-portfolio-feb-20-home.jpg","thumbnail-image-url":"https:\/\/websitedemos.net\/wp-content\/uploads\/2018\/12\/photographer-portfolio-feb-20-home-600x800.jpg","fullpage-thumbnail-image-url":"https:\/\/websitedemos.net\/wp-content\/uploads\/2018\/12\/photographer-portfolio-feb-20-home-400x1255.jpg","astra-site-url":"\/\/websitedemos.net\/photographer-portfolio-03","astra-site-parent-id":200,"astra-sites-tag":{"513":"camera","482":"fashion","515":"lens","510":"modelling","511":"photographer","509":"photography","444":"portfolio","514":"videography","512":"wedding-shoot"},"astra-sites-type":"agency-mini","astra-site-page-builder":"beaver-builder","astra-site-category":{"27":"business"},"pages":{"id-24026":{"title":"Home","featured-image-url":"https:\/\/websitedemos.net\/wp-content\/uploads\/2018\/12\/photographer-portfolio-feb-20-home.jpg","thumbnail-image-url":"https:\/\/websitedemos.net\/wp-content\/uploads\/2018\/12\/photographer-portfolio-feb-20-home-600x800.jpg","astra-page-api-url":"https:\/\/websitedemos.net\/photographer-portfolio-03\/wp-json\/wp\/v2\/pages\/8","dynamic-page":"no","astra-page-url":"\/\/websitedemos.net\/photographer-portfolio-03\/","astra-sites-tag":{"423":"home"},"site-pages-type":"agency-mini","site-pages-page-builder":"beaver-builder","site-pages-category":[],"site-pages-parent-category":{"60":"business"}},"id-24023":{"title":"About","featured-image-url":"https:\/\/websitedemos.net\/wp-content\/uploads\/2019\/07\/photographer-portfolio-feb-20-about.jpg","thumbnail-image-url":"https:\/\/websitedemos.net\/wp-content\/uploads\/2019\/07\/photographer-portfolio-feb-20-about-600x800.jpg","astra-page-api-url":"https:\/\/websitedemos.net\/photographer-portfolio-03\/wp-json\/wp\/v2\/pages\/26","dynamic-page":"no","astra-page-url":"\/\/websitedemos.net\/photographer-portfolio-03\/about\/","astra-sites-tag":{"352":"about"},"site-pages-type":"agency-mini","site-pages-page-builder":"beaver-builder","site-pages-category":[],"site-pages-parent-category":{"60":"business"}},"id-24028":{"title":"Services","featured-image-url":"https:\/\/websitedemos.net\/wp-content\/uploads\/2019\/07\/photographer-portfolio-feb-20-services.jpg","thumbnail-image-url":"https:\/\/websitedemos.net\/wp-content\/uploads\/2019\/07\/photographer-portfolio-feb-20-services-600x800.jpg","astra-page-api-url":"https:\/\/websitedemos.net\/photographer-portfolio-03\/wp-json\/wp\/v2\/pages\/27","dynamic-page":"no","astra-page-url":"\/\/websitedemos.net\/photographer-portfolio-03\/services\/","astra-sites-tag":{"425":"services"},"site-pages-type":"agency-mini","site-pages-page-builder":"beaver-builder","site-pages-category":[],"site-pages-parent-category":{"60":"business"}},"id-24027":{"title":"Portfolio","featured-image-url":"https:\/\/websitedemos.net\/wp-content\/uploads\/2019\/07\/photographer-portfolio-feb-20-portfolio.jpg","thumbnail-image-url":"https:\/\/websitedemos.net\/wp-content\/uploads\/2019\/07\/photographer-portfolio-feb-20-portfolio-600x800.jpg","astra-page-api-url":"https:\/\/websitedemos.net\/photographer-portfolio-03\/wp-json\/wp\/v2\/pages\/28","dynamic-page":"no","astra-page-url":"\/\/websitedemos.net\/photographer-portfolio-03\/portfolio\/","astra-sites-tag":{"444":"portfolio"},"site-pages-type":"agency-mini","site-pages-page-builder":"beaver-builder","site-pages-category":[],"site-pages-parent-category":{"60":"business"}},"id-24025":{"title":"Contact","featured-image-url":"https:\/\/websitedemos.net\/wp-content\/uploads\/2019\/07\/photographer-portfolio-feb-20-contact.jpg","thumbnail-image-url":"https:\/\/websitedemos.net\/wp-content\/uploads\/2019\/07\/photographer-portfolio-feb-20-contact-600x800.jpg","astra-page-api-url":"https:\/\/websitedemos.net\/photographer-portfolio-03\/wp-json\/wp\/v2\/pages\/29","dynamic-page":"no","astra-page-url":"\/\/websitedemos.net\/photographer-portfolio-03\/contact\/","astra-sites-tag":{"415":"contact"},"site-pages-type":"agency-mini","site-pages-page-builder":"beaver-builder","site-pages-category":[],"site-pages-parent-category":{"60":"business"}}}},"id-20579":{"title":"Recipe Blog","featured-image-url":"https:\/\/websitedemos.net\/wp-content\/uploads\/2019\/07\/recipe-blog-07-feb-20-home.jpg","thumbnail-image-url":"https:\/\/websitedemos.net\/wp-content\/uploads\/2019\/07\/recipe-blog-07-feb-20-home-600x800.jpg","fullpage-thumbnail-image-url":"https:\/\/websitedemos.net\/wp-content\/uploads\/2019\/07\/recipe-blog-07-feb-20-home-400x1164.jpg","astra-site-url":"\/\/websitedemos.net\/recipe-blog-07","astra-site-parent-id":198,"astra-sites-tag":{"792":"cooking","787":"dinner","336":"food","793":"food-making","788":"snack"},"astra-sites-type":"free","astra-site-page-builder":"gutenberg","astra-site-category":{"37":"blog","39":"free"},"pages":{"id-24012":{"title":"Home","featured-image-url":"https:\/\/websitedemos.net\/wp-content\/uploads\/2019\/07\/recipe-blog-07-feb-20-home.jpg","thumbnail-image-url":"https:\/\/websitedemos.net\/wp-content\/uploads\/2019\/07\/recipe-blog-07-feb-20-home-600x800.jpg","astra-page-api-url":"https:\/\/websitedemos.net\/recipe-blog-07\/wp-json\/wp\/v2\/pages\/4","dynamic-page":"no","astra-page-url":"\/\/websitedemos.net\/recipe-blog-07\/","astra-sites-tag":{"423":"home"},"site-pages-type":"free","site-pages-page-builder":"gutenberg","site-pages-category":[],"site-pages-parent-category":{"74":"blog","61":"free"}},"id-24010":{"title":"Blog","featured-image-url":"https:\/\/websitedemos.net\/wp-content\/uploads\/2019\/07\/recipe-blog-07-feb-20-blog.jpg","thumbnail-image-url":"https:\/\/websitedemos.net\/wp-content\/uploads\/2019\/07\/recipe-blog-07-feb-20-blog-600x800.jpg","astra-page-api-url":"https:\/\/websitedemos.net\/recipe-blog-07\/wp-json\/wp\/v2\/pages\/9","dynamic-page":"no","astra-page-url":"\/\/websitedemos.net\/recipe-blog-07\/blog\/","astra-sites-tag":{"480":"blog"},"site-pages-type":"free","site-pages-page-builder":"gutenberg","site-pages-category":[],"site-pages-parent-category":{"74":"blog","61":"free"}},"id-24009":{"title":"About Me","featured-image-url":"https:\/\/websitedemos.net\/wp-content\/uploads\/2019\/07\/recipe-blog-07-feb-20-about.jpg","thumbnail-image-url":"https:\/\/websitedemos.net\/wp-content\/uploads\/2019\/07\/recipe-blog-07-feb-20-about-600x800.jpg","astra-page-api-url":"https:\/\/websitedemos.net\/recipe-blog-07\/wp-json\/wp\/v2\/pages\/10","dynamic-page":"no","astra-page-url":"\/\/websitedemos.net\/recipe-blog-07\/about-me\/","astra-sites-tag":{"352":"about"},"site-pages-type":"free","site-pages-page-builder":"gutenberg","site-pages-category":[],"site-pages-parent-category":{"74":"blog","61":"free"}},"id-24011":{"title":"Contact","featured-image-url":"https:\/\/websitedemos.net\/wp-content\/uploads\/2019\/07\/recipe-blog-07-feb-20-contact.jpg","thumbnail-image-url":"https:\/\/websitedemos.net\/wp-content\/uploads\/2019\/07\/id-24011-recipe-blog-contact-resize.jpg","astra-page-api-url":"https:\/\/websitedemos.net\/recipe-blog-07\/wp-json\/wp\/v2\/pages\/11","dynamic-page":"no","astra-page-url":"\/\/websitedemos.net\/recipe-blog-07\/contact\/","astra-sites-tag":{"415":"contact"},"site-pages-type":"free","site-pages-page-builder":"gutenberg","site-pages-category":[],"site-pages-parent-category":{"74":"blog","61":"free"}}}},"id-20567":{"title":"Sierra Industry","featured-image-url":"https:\/\/websitedemos.net\/wp-content\/uploads\/2019\/07\/sierra-industry-home.jpg","thumbnail-image-url":"https:\/\/websitedemos.net\/wp-content\/uploads\/2019\/07\/sierra-industry-home-600x800.jpg","fullpage-thumbnail-image-url":"https:\/\/websitedemos.net\/wp-content\/uploads\/2019\/07\/sierra-industry-home-400x1336.jpg","astra-site-url":"\/\/websitedemos.net\/sierra-industry-07","astra-site-parent-id":201,"astra-sites-tag":{"985":"factory","538":"forest","537":"national-park","535":"nature","534":"nature-park","539":"sanctuary","536":"wilderness"},"astra-sites-type":"free","astra-site-page-builder":"gutenberg","astra-site-category":{"27":"business","39":"free"},"pages":{"id-24038":{"title":"Home","featured-image-url":"https:\/\/websitedemos.net\/wp-content\/uploads\/2019\/07\/sierra-industry-home.jpg","thumbnail-image-url":"https:\/\/websitedemos.net\/wp-content\/uploads\/2019\/07\/sierra-industry-home-600x800.jpg","astra-page-api-url":"https:\/\/websitedemos.net\/sierra-industry-07\/wp-json\/wp\/v2\/pages\/353","dynamic-page":"no","astra-page-url":"\/\/websitedemos.net\/sierra-industry-07\/","astra-sites-tag":{"423":"home"},"site-pages-type":"free","site-pages-page-builder":"gutenberg","site-pages-category":[],"site-pages-parent-category":{"60":"business","61":"free"}},"id-24035":{"title":"About","featured-image-url":"https:\/\/websitedemos.net\/wp-content\/uploads\/2019\/07\/sierra-industry-02-about.jpg","thumbnail-image-url":"https:\/\/websitedemos.net\/wp-content\/uploads\/2019\/07\/sierra-industry-02-about-600x800.jpg","astra-page-api-url":"https:\/\/websitedemos.net\/sierra-industry-07\/wp-json\/wp\/v2\/pages\/373","dynamic-page":"no","astra-page-url":"\/\/websitedemos.net\/sierra-industry-07\/about\/","astra-sites-tag":{"352":"about"},"site-pages-type":"free","site-pages-page-builder":"gutenberg","site-pages-category":[],"site-pages-parent-category":{"60":"business","61":"free"}},"id-24039":{"title":"Products","featured-image-url":"https:\/\/websitedemos.net\/wp-content\/uploads\/2019\/07\/sierra-industry-02-product.jpg","thumbnail-image-url":"https:\/\/websitedemos.net\/wp-content\/uploads\/2019\/07\/sierra-industry-02-product-600x800.jpg","astra-page-api-url":"https:\/\/websitedemos.net\/sierra-industry-07\/wp-json\/wp\/v2\/pages\/374","dynamic-page":"no","astra-page-url":"\/\/websitedemos.net\/sierra-industry-07\/products\/","astra-sites-tag":{"631":"product"},"site-pages-type":"free","site-pages-page-builder":"gutenberg","site-pages-category":[],"site-pages-parent-category":{"60":"business","61":"free"}},"id-24040":{"title":"Projects","featured-image-url":"https:\/\/websitedemos.net\/wp-content\/uploads\/2019\/07\/sierra-industry-feb-20-projects.jpg","thumbnail-image-url":"https:\/\/websitedemos.net\/wp-content\/uploads\/2019\/07\/sierra-industry-feb-20-projects-600x800.jpg","astra-page-api-url":"https:\/\/websitedemos.net\/sierra-industry-07\/wp-json\/wp\/v2\/pages\/375","dynamic-page":"no","astra-page-url":"\/\/websitedemos.net\/sierra-industry-07\/projects\/","astra-sites-tag":{"424":"project"},"site-pages-type":"free","site-pages-page-builder":"gutenberg","site-pages-category":[],"site-pages-parent-category":{"60":"business","61":"free"}},"id-24037":{"title":"Contact","featured-image-url":"https:\/\/websitedemos.net\/wp-content\/uploads\/2019\/07\/sierra-industry-02-contact-1.jpg","thumbnail-image-url":"https:\/\/websitedemos.net\/wp-content\/uploads\/2019\/07\/sierra-industry-02-contact-1-600x800.jpg","astra-page-api-url":"https:\/\/websitedemos.net\/sierra-industry-07\/wp-json\/wp\/v2\/pages\/10","dynamic-page":"no","astra-page-url":"\/\/websitedemos.net\/sierra-industry-07\/contact\/","astra-sites-tag":{"415":"contact"},"site-pages-type":"free","site-pages-page-builder":"gutenberg","site-pages-category":[],"site-pages-parent-category":{"60":"business","61":"free"}}}},"id-20321":{"title":"Italian Restaurant","featured-image-url":"https:\/\/websitedemos.net\/wp-content\/uploads\/2019\/07\/italian-starter-site.jpg","thumbnail-image-url":"https:\/\/websitedemos.net\/wp-content\/uploads\/2019\/07\/italian-starter-site-600x800.jpg","fullpage-thumbnail-image-url":"https:\/\/websitedemos.net\/wp-content\/uploads\/2019\/07\/italian-starter-site-400x1211.jpg","astra-site-url":"\/\/websitedemos.net\/italian-restaurant-07","astra-site-parent-id":132,"astra-sites-tag":{"562":"bistro","972":"club","560":"cuisine","561":"eatery","336":"food","350":"hotel","563":"italian-restaurant","559":"outlet","335":"restaurant","970":"restro","971":"restro-bar"},"astra-sites-type":"free","astra-site-page-builder":"gutenberg","astra-site-category":{"27":"business","39":"free"},"pages":{"id-23259":{"title":"Home","featured-image-url":"https:\/\/websitedemos.net\/wp-content\/uploads\/2019\/07\/italian-starter-site.jpg","thumbnail-image-url":"https:\/\/websitedemos.net\/wp-content\/uploads\/2019\/07\/italian-starter-site-600x800.jpg","astra-page-api-url":"https:\/\/websitedemos.net\/italian-restaurant-07\/wp-json\/wp\/v2\/pages\/5","dynamic-page":"no","astra-page-url":"\/\/websitedemos.net\/italian-restaurant-07\/","astra-sites-tag":{"423":"home"},"site-pages-type":"free","site-pages-page-builder":"gutenberg","site-pages-category":[],"site-pages-parent-category":{"60":"business","61":"free"}},"id-23260":{"title":"Menu","featured-image-url":"https:\/\/websitedemos.net\/wp-content\/uploads\/2019\/07\/italian-site-menu.jpg","thumbnail-image-url":"https:\/\/websitedemos.net\/wp-content\/uploads\/2019\/07\/italian-site-menu-600x800.jpg","astra-page-api-url":"https:\/\/websitedemos.net\/italian-restaurant-07\/wp-json\/wp\/v2\/pages\/7","dynamic-page":"no","astra-page-url":"\/\/websitedemos.net\/italian-restaurant-07\/menu\/","astra-sites-tag":{"565":"menu"},"site-pages-type":"free","site-pages-page-builder":"gutenberg","site-pages-category":[],"site-pages-parent-category":{"60":"business","61":"free"}},"id-23256":{"title":"About Us","featured-image-url":"https:\/\/websitedemos.net\/wp-content\/uploads\/2019\/07\/italian-site-about.jpg","thumbnail-image-url":"https:\/\/websitedemos.net\/wp-content\/uploads\/2019\/07\/italian-site-about-600x800.jpg","astra-page-api-url":"https:\/\/websitedemos.net\/italian-restaurant-07\/wp-json\/wp\/v2\/pages\/6","dynamic-page":"no","astra-page-url":"\/\/websitedemos.net\/italian-restaurant-07\/about-us\/","astra-sites-tag":{"352":"about"},"site-pages-type":"free","site-pages-page-builder":"gutenberg","site-pages-category":[],"site-pages-parent-category":{"60":"business","61":"free"}},"id-23258":{"title":"Contact","featured-image-url":"https:\/\/websitedemos.net\/wp-content\/uploads\/2019\/07\/italian-site-contact.jpg","thumbnail-image-url":"https:\/\/websitedemos.net\/wp-content\/uploads\/2019\/07\/italian-site-contact-600x800.jpg","astra-page-api-url":"https:\/\/websitedemos.net\/italian-restaurant-07\/wp-json\/wp\/v2\/pages\/8","dynamic-page":"no","astra-page-url":"\/\/websitedemos.net\/italian-restaurant-07\/contact\/","astra-sites-tag":{"415":"contact"},"site-pages-type":"free","site-pages-page-builder":"gutenberg","site-pages-category":[],"site-pages-parent-category":{"60":"business","61":"free"}}}},"id-20573":{"title":"Sierra Nature","featured-image-url":"https:\/\/websitedemos.net\/wp-content\/uploads\/2019\/01\/id-20573-sierra-nature-resize.jpg","thumbnail-image-url":"https:\/\/websitedemos.net\/wp-content\/uploads\/2019\/01\/id-20573-sierra-nature-resize-600x800.jpg","fullpage-thumbnail-image-url":"https:\/\/websitedemos.net\/wp-content\/uploads\/2019\/01\/id-20573-sierra-nature-resize.jpg","astra-site-url":"\/\/websitedemos.net\/sierra-nature-07","astra-site-parent-id":112,"astra-sites-tag":{"538":"forest","537":"national-park","535":"nature","534":"nature-park","539":"sanctuary","536":"wilderness"},"astra-sites-type":"free","astra-site-page-builder":"gutenberg","astra-site-category":{"27":"business","39":"free"},"pages":{"id-23036":{"title":"Home","featured-image-url":"https:\/\/websitedemos.net\/wp-content\/uploads\/2019\/07\/id-23036-sierra-nature-home-resize.jpg","thumbnail-image-url":"https:\/\/websitedemos.net\/wp-content\/uploads\/2019\/07\/id-23036-sierra-nature-home-resize-600x800.jpg","astra-page-api-url":"https:\/\/websitedemos.net\/sierra-nature-07\/wp-json\/wp\/v2\/pages\/353","dynamic-page":"no","astra-page-url":"\/\/websitedemos.net\/sierra-nature-07\/","astra-sites-tag":{"423":"home"},"site-pages-type":"free","site-pages-page-builder":"gutenberg","site-pages-category":[],"site-pages-parent-category":{"60":"business","61":"free"}},"id-23033":{"title":"About","featured-image-url":"https:\/\/websitedemos.net\/wp-content\/uploads\/2019\/07\/id-23033-sierra-nature-about-resize.jpg","thumbnail-image-url":"https:\/\/websitedemos.net\/wp-content\/uploads\/2019\/07\/id-23033-sierra-nature-about-resize-600x800.jpg","astra-page-api-url":"https:\/\/websitedemos.net\/sierra-nature-07\/wp-json\/wp\/v2\/pages\/7","dynamic-page":"no","astra-page-url":"\/\/websitedemos.net\/sierra-nature-07\/about\/","astra-sites-tag":{"352":"about"},"site-pages-type":"free","site-pages-page-builder":"gutenberg","site-pages-category":[],"site-pages-parent-category":{"60":"business","61":"free"}},"id-23038":{"title":"Services","featured-image-url":"https:\/\/websitedemos.net\/wp-content\/uploads\/2019\/07\/sierra-nature-services-screenshot.png","thumbnail-image-url":"https:\/\/websitedemos.net\/wp-content\/uploads\/2019\/07\/sierra-nature-services-screenshot-600x800.png","astra-page-api-url":"https:\/\/websitedemos.net\/sierra-nature-07\/wp-json\/wp\/v2\/pages\/8","dynamic-page":"no","astra-page-url":"\/\/websitedemos.net\/sierra-nature-07\/services\/","astra-sites-tag":{"425":"services"},"site-pages-type":"free","site-pages-page-builder":"gutenberg","site-pages-category":[],"site-pages-parent-category":{"60":"business","61":"free"}},"id-23037":{"title":"Projects","featured-image-url":"https:\/\/websitedemos.net\/wp-content\/uploads\/2019\/07\/id-23037-sierra-nature-projects-resize.jpg","thumbnail-image-url":"https:\/\/websitedemos.net\/wp-content\/uploads\/2019\/07\/id-23037-sierra-nature-projects-resize-600x800.jpg","astra-page-api-url":"https:\/\/websitedemos.net\/sierra-nature-07\/wp-json\/wp\/v2\/pages\/9","dynamic-page":"no","astra-page-url":"\/\/websitedemos.net\/sierra-nature-07\/projects\/","astra-sites-tag":{"424":"project"},"site-pages-type":"free","site-pages-page-builder":"gutenberg","site-pages-category":[],"site-pages-parent-category":{"60":"business","61":"free"}},"id-23035":{"title":"Contact","featured-image-url":"https:\/\/websitedemos.net\/wp-content\/uploads\/2019\/07\/sierra-nature-02-contact.jpg","thumbnail-image-url":"https:\/\/websitedemos.net\/wp-content\/uploads\/2019\/07\/sierra-nature-02-contact-600x800.jpg","astra-page-api-url":"https:\/\/websitedemos.net\/sierra-nature-07\/wp-json\/wp\/v2\/pages\/10","dynamic-page":"no","astra-page-url":"\/\/websitedemos.net\/sierra-nature-07\/contact\/","astra-sites-tag":{"415":"contact"},"site-pages-type":"free","site-pages-page-builder":"gutenberg","site-pages-category":[],"site-pages-parent-category":{"60":"business","61":"free"}}}},"id-19915":{"title":"Plumber","featured-image-url":"https:\/\/websitedemos.net\/wp-content\/uploads\/2019\/07\/plumber-home-screenshot.jpg","thumbnail-image-url":"https:\/\/websitedemos.net\/wp-content\/uploads\/2019\/07\/plumber-home-screenshot-600x800.jpg","fullpage-thumbnail-image-url":"https:\/\/websitedemos.net\/wp-content\/uploads\/2019\/07\/plumber-home-screenshot-400x1140.jpg","astra-site-url":"\/\/websitedemos.net\/plumber-02","astra-site-parent-id":293,"astra-sites-tag":{"1021":"local-business","439":"local-services","507":"plumber","508":"plumbing"},"astra-sites-type":"free","astra-site-page-builder":"elementor","astra-site-category":{"27":"business","39":"free"},"pages":{"id-25059":{"title":"Home","featured-image-url":"https:\/\/websitedemos.net\/wp-content\/uploads\/2019\/07\/plumber-home-screenshot.jpg","thumbnail-image-url":"https:\/\/websitedemos.net\/wp-content\/uploads\/2019\/07\/plumber-home-screenshot-600x800.jpg","astra-page-api-url":"https:\/\/websitedemos.net\/plumber-02\/wp-json\/wp\/v2\/pages\/7","dynamic-page":"no","astra-page-url":"\/\/websitedemos.net\/plumber-02\/","astra-sites-tag":{"423":"home"},"site-pages-type":"free","site-pages-page-builder":"elementor","site-pages-category":[],"site-pages-parent-category":{"60":"business","61":"free"}},"id-25055":{"title":"About","featured-image-url":"https:\/\/websitedemos.net\/wp-content\/uploads\/2019\/07\/plumber-about-screenshot.jpg","thumbnail-image-url":"https:\/\/websitedemos.net\/wp-content\/uploads\/2019\/07\/plumber-about-screenshot-600x800.jpg","astra-page-api-url":"https:\/\/websitedemos.net\/plumber-02\/wp-json\/wp\/v2\/pages\/8","dynamic-page":"no","astra-page-url":"\/\/websitedemos.net\/plumber-02\/about\/","astra-sites-tag":{"352":"about"},"site-pages-type":"free","site-pages-page-builder":"elementor","site-pages-category":[],"site-pages-parent-category":{"60":"business","61":"free"}},"id-25060":{"title":"Services","featured-image-url":"https:\/\/websitedemos.net\/wp-content\/uploads\/2019\/07\/plumber-services-screenshot.jpg","thumbnail-image-url":"https:\/\/websitedemos.net\/wp-content\/uploads\/2019\/07\/plumber-services-screenshot-600x800.jpg","astra-page-api-url":"https:\/\/websitedemos.net\/plumber-02\/wp-json\/wp\/v2\/pages\/10","dynamic-page":"no","astra-page-url":"\/\/websitedemos.net\/plumber-02\/services\/","astra-sites-tag":{"425":"services"},"site-pages-type":"free","site-pages-page-builder":"elementor","site-pages-category":[],"site-pages-parent-category":{"60":"business","61":"free"}},"id-25061":{"title":"Testimonials","featured-image-url":"https:\/\/websitedemos.net\/wp-content\/uploads\/2019\/07\/plumber-testimonials-screenshot.jpg","thumbnail-image-url":"https:\/\/websitedemos.net\/wp-content\/uploads\/2019\/07\/id-25061-plumber-testimonials-resize.jpg","astra-page-api-url":"https:\/\/websitedemos.net\/plumber-02\/wp-json\/wp\/v2\/pages\/13","dynamic-page":"no","astra-page-url":"\/\/websitedemos.net\/plumber-02\/testimonials\/","astra-sites-tag":{"433":"testimonials"},"site-pages-type":"free","site-pages-page-builder":"elementor","site-pages-category":[],"site-pages-parent-category":{"60":"business","61":"free"}},"id-25058":{"title":"FAQ","featured-image-url":"https:\/\/websitedemos.net\/wp-content\/uploads\/2019\/07\/plumber-faq-screenshot.jpg","thumbnail-image-url":"https:\/\/websitedemos.net\/wp-content\/uploads\/2019\/07\/plumber-faq-screenshot-600x800.jpg","astra-page-api-url":"https:\/\/websitedemos.net\/plumber-02\/wp-json\/wp\/v2\/pages\/14","dynamic-page":"no","astra-page-url":"\/\/websitedemos.net\/plumber-02\/faq\/","astra-sites-tag":{"426":"faq"},"site-pages-type":"free","site-pages-page-builder":"elementor","site-pages-category":[],"site-pages-parent-category":{"60":"business","61":"free"}},"id-25057":{"title":"Contact","featured-image-url":"https:\/\/websitedemos.net\/wp-content\/uploads\/2019\/07\/plumber-contact-screenshot.jpg","thumbnail-image-url":"https:\/\/websitedemos.net\/wp-content\/uploads\/2019\/07\/plumber-contact-screenshot-600x800.jpg","astra-page-api-url":"https:\/\/websitedemos.net\/plumber-02\/wp-json\/wp\/v2\/pages\/12","dynamic-page":"no","astra-page-url":"\/\/websitedemos.net\/plumber-02\/contact\/","astra-sites-tag":{"415":"contact"},"site-pages-type":"free","site-pages-page-builder":"elementor","site-pages-category":[],"site-pages-parent-category":{"60":"business","61":"free"}}}},"id-20536":{"title":"Plumber","featured-image-url":"https:\/\/websitedemos.net\/wp-content\/uploads\/2019\/07\/plumber-home-screenshot.jpg","thumbnail-image-url":"https:\/\/websitedemos.net\/wp-content\/uploads\/2019\/07\/plumber-home-screenshot-600x800.jpg","fullpage-thumbnail-image-url":"https:\/\/websitedemos.net\/wp-content\/uploads\/2019\/07\/plumber-home-screenshot-400x1140.jpg","astra-site-url":"\/\/websitedemos.net\/plumber-01","astra-site-parent-id":295,"astra-sites-tag":{"439":"local-services","507":"plumber","508":"plumbing"},"astra-sites-type":"free","astra-site-page-builder":"beaver-builder","astra-site-category":{"27":"business","39":"free"},"pages":{"id-44078":{"title":"Home","featured-image-url":"https:\/\/websitedemos.net\/wp-content\/uploads\/2019\/07\/plumber-home-screenshot.jpg","thumbnail-image-url":"https:\/\/websitedemos.net\/wp-content\/uploads\/2019\/07\/plumber-home-screenshot-600x800.jpg","astra-page-api-url":"https:\/\/websitedemos.net\/plumber-01\/wp-json\/wp\/v2\/pages\/7","dynamic-page":"no","astra-page-url":"\/\/websitedemos.net\/plumber-01\/","astra-sites-tag":{"423":"home"},"site-pages-type":"free","site-pages-page-builder":"beaver-builder","site-pages-category":[],"site-pages-parent-category":{"60":"business","61":"free"}},"id-44075":{"title":"About","featured-image-url":"https:\/\/websitedemos.net\/wp-content\/uploads\/2019\/07\/plumber-about-screenshot.jpg","thumbnail-image-url":"https:\/\/websitedemos.net\/wp-content\/uploads\/2019\/07\/plumber-about-screenshot-600x800.jpg","astra-page-api-url":"https:\/\/websitedemos.net\/plumber-01\/wp-json\/wp\/v2\/pages\/8","dynamic-page":"no","astra-page-url":"\/\/websitedemos.net\/plumber-01\/about\/","astra-sites-tag":{"352":"about"},"site-pages-type":"free","site-pages-page-builder":"beaver-builder","site-pages-category":[],"site-pages-parent-category":{"60":"business","61":"free"}},"id-44079":{"title":"Services","featured-image-url":"https:\/\/websitedemos.net\/wp-content\/uploads\/2019\/07\/plumber-services-screenshot.jpg","thumbnail-image-url":"https:\/\/websitedemos.net\/wp-content\/uploads\/2019\/07\/plumber-services-screenshot-600x800.jpg","astra-page-api-url":"https:\/\/websitedemos.net\/plumber-01\/wp-json\/wp\/v2\/pages\/10","dynamic-page":"no","astra-page-url":"\/\/websitedemos.net\/plumber-01\/services\/","astra-sites-tag":{"425":"services"},"site-pages-type":"free","site-pages-page-builder":"beaver-builder","site-pages-category":[],"site-pages-parent-category":{"60":"business","61":"free"}},"id-44080":{"title":"Testimonials","featured-image-url":"","thumbnail-image-url":"","astra-page-api-url":"https:\/\/websitedemos.net\/plumber-01\/wp-json\/wp\/v2\/pages\/13","dynamic-page":"no","astra-page-url":"\/\/websitedemos.net\/plumber-01\/testimonials\/","astra-sites-tag":{"433":"testimonials"},"site-pages-type":"free","site-pages-page-builder":"beaver-builder","site-pages-category":[],"site-pages-parent-category":{"60":"business","61":"free"}},"id-44077":{"title":"FAQs","featured-image-url":"https:\/\/websitedemos.net\/wp-content\/uploads\/2019\/07\/plumber-faq-screenshot.jpg","thumbnail-image-url":"https:\/\/websitedemos.net\/wp-content\/uploads\/2019\/07\/plumber-faq-screenshot-600x800.jpg","astra-page-api-url":"https:\/\/websitedemos.net\/plumber-01\/wp-json\/wp\/v2\/pages\/14","dynamic-page":"no","astra-page-url":"\/\/websitedemos.net\/plumber-01\/faqs\/","astra-sites-tag":{"426":"faq"},"site-pages-type":"free","site-pages-page-builder":"beaver-builder","site-pages-category":[],"site-pages-parent-category":{"60":"business","61":"free"}},"id-44076":{"title":"Contact","featured-image-url":"https:\/\/websitedemos.net\/wp-content\/uploads\/2019\/07\/plumber-contact-screenshot.jpg","thumbnail-image-url":"https:\/\/websitedemos.net\/wp-content\/uploads\/2019\/07\/plumber-contact-screenshot-600x800.jpg","astra-page-api-url":"https:\/\/websitedemos.net\/plumber-01\/wp-json\/wp\/v2\/pages\/12","dynamic-page":"no","astra-page-url":"\/\/websitedemos.net\/plumber-01\/contact\/","astra-sites-tag":{"415":"contact"},"site-pages-type":"free","site-pages-page-builder":"beaver-builder","site-pages-category":[],"site-pages-parent-category":{"60":"business","61":"free"}}}},"id-20515":{"title":"Conference Event","featured-image-url":"https:\/\/websitedemos.net\/wp-content\/uploads\/2018\/03\/conference-event-03-revampp.jpg","thumbnail-image-url":"https:\/\/websitedemos.net\/wp-content\/uploads\/2018\/03\/conference-event-03-revampp-600x800.jpg","fullpage-thumbnail-image-url":"https:\/\/websitedemos.net\/wp-content\/uploads\/2018\/03\/conference-event-03-revampp-400x1909.jpg","astra-site-url":"\/\/websitedemos.net\/conference-event-05","astra-site-parent-id":172,"astra-sites-tag":{"744":"conference","742":"event-website","743":"meeting","399":"one-page","745":"organization","463":"single-page"},"astra-sites-type":"free","astra-site-page-builder":"brizy","astra-site-category":{"27":"business","39":"free"},"pages":{"id-23626":{"title":"One Page Website","featured-image-url":"https:\/\/websitedemos.net\/wp-content\/uploads\/2018\/03\/conference-event-feb-20-home.jpg","thumbnail-image-url":"https:\/\/websitedemos.net\/wp-content\/uploads\/2018\/03\/conference-event-feb-20-home-600x800.jpg","astra-page-api-url":"https:\/\/websitedemos.net\/conference-event-05\/wp-json\/wp\/v2\/pages\/101","dynamic-page":"no","astra-page-url":"\/\/websitedemos.net\/conference-event-05\/","astra-sites-tag":{"423":"home"},"site-pages-type":"free","site-pages-page-builder":"brizy","site-pages-category":[],"site-pages-parent-category":{"60":"business","61":"free"}}}},"id-20495":{"title":"A\/C Technician","featured-image-url":"https:\/\/websitedemos.net\/wp-content\/uploads\/2019\/07\/ac-technician-home.jpg","thumbnail-image-url":"https:\/\/websitedemos.net\/wp-content\/uploads\/2019\/07\/ac-technician-home-600x800.jpg","fullpage-thumbnail-image-url":"https:\/\/websitedemos.net\/wp-content\/uploads\/2019\/07\/ac-technician-home-400x1053.jpg","astra-site-url":"\/\/websitedemos.net\/ac-technician-07","astra-site-parent-id":290,"astra-sites-tag":{"599":"ac-repair","439":"local-services","600":"repair-services","441":"technician"},"astra-sites-type":"free","astra-site-page-builder":"gutenberg","astra-site-category":{"27":"business","39":"free"},"pages":{"id-25025":{"title":"Home","featured-image-url":"https:\/\/websitedemos.net\/wp-content\/uploads\/2019\/07\/ac-technician-home.jpg","thumbnail-image-url":"https:\/\/websitedemos.net\/wp-content\/uploads\/2019\/07\/ac-technician-home-600x800.jpg","astra-page-api-url":"https:\/\/websitedemos.net\/ac-technician-07\/wp-json\/wp\/v2\/pages\/7","dynamic-page":"no","astra-page-url":"\/\/websitedemos.net\/ac-technician-07\/","astra-sites-tag":{"423":"home"},"site-pages-type":"free","site-pages-page-builder":"gutenberg","site-pages-category":[],"site-pages-parent-category":{"60":"business","61":"free"}},"id-25026":{"title":"Services","featured-image-url":"https:\/\/websitedemos.net\/wp-content\/uploads\/2019\/07\/ac-technician-services.jpg","thumbnail-image-url":"https:\/\/websitedemos.net\/wp-content\/uploads\/2019\/07\/ac-technician-services-600x800.jpg","astra-page-api-url":"https:\/\/websitedemos.net\/ac-technician-07\/wp-json\/wp\/v2\/pages\/9","dynamic-page":"no","astra-page-url":"\/\/websitedemos.net\/ac-technician-07\/services\/","astra-sites-tag":{"425":"services"},"site-pages-type":"free","site-pages-page-builder":"gutenberg","site-pages-category":[],"site-pages-parent-category":{"60":"business","61":"free"}},"id-25023":{"title":"About","featured-image-url":"https:\/\/websitedemos.net\/wp-content\/uploads\/2019\/07\/ac-technician-about.jpg","thumbnail-image-url":"https:\/\/websitedemos.net\/wp-content\/uploads\/2019\/07\/ac-technician-about-600x800.jpg","astra-page-api-url":"https:\/\/websitedemos.net\/ac-technician-07\/wp-json\/wp\/v2\/pages\/8","dynamic-page":"no","astra-page-url":"\/\/websitedemos.net\/ac-technician-07\/about\/","astra-sites-tag":{"352":"about"},"site-pages-type":"free","site-pages-page-builder":"gutenberg","site-pages-category":[],"site-pages-parent-category":{"60":"business","61":"free"}},"id-25024":{"title":"Contact Us","featured-image-url":"https:\/\/websitedemos.net\/wp-content\/uploads\/2019\/07\/ac-technician-contact.jpg","thumbnail-image-url":"https:\/\/websitedemos.net\/wp-content\/uploads\/2019\/07\/ac-technician-contact-600x800.jpg","astra-page-api-url":"https:\/\/websitedemos.net\/ac-technician-07\/wp-json\/wp\/v2\/pages\/10","dynamic-page":"no","astra-page-url":"\/\/websitedemos.net\/ac-technician-07\/contact-us\/","astra-sites-tag":{"415":"contact"},"site-pages-type":"free","site-pages-page-builder":"gutenberg","site-pages-category":[],"site-pages-parent-category":{"60":"business","61":"free"}}}},"id-20475":{"title":"Co-Working Space","featured-image-url":"https:\/\/websitedemos.net\/wp-content\/uploads\/2018\/12\/id-20475-co-working-space-resize.jpg","thumbnail-image-url":"https:\/\/websitedemos.net\/wp-content\/uploads\/2018\/12\/id-20475-co-working-space-resize-600x800.jpg","fullpage-thumbnail-image-url":"https:\/\/websitedemos.net\/wp-content\/uploads\/2018\/12\/id-20475-co-working-space-resize.jpg","astra-site-url":"\/\/websitedemos.net\/co-working-space-05","astra-site-parent-id":235,"astra-sites-tag":{"692":"business","693":"cafe","694":"co-working-place","695":"collaboration","979":"company","812":"office","691":"work-place"},"astra-sites-type":"free","astra-site-page-builder":"brizy","astra-site-category":{"27":"business","39":"free"},"pages":{"id-24503":{"title":"Home","featured-image-url":"https:\/\/websitedemos.net\/wp-content\/uploads\/2019\/07\/id-24503-co-working-space-home-resize.jpg","thumbnail-image-url":"https:\/\/websitedemos.net\/wp-content\/uploads\/2019\/07\/id-24503-co-working-space-home-resize-600x800.jpg","astra-page-api-url":"https:\/\/websitedemos.net\/co-working-space-05\/wp-json\/wp\/v2\/pages\/143","dynamic-page":"no","astra-page-url":"\/\/websitedemos.net\/co-working-space-05\/","astra-sites-tag":{"423":"home"},"site-pages-type":"free","site-pages-page-builder":"brizy","site-pages-category":[],"site-pages-parent-category":{"60":"business","61":"free"}},"id-24500":{"title":"About Us","featured-image-url":"https:\/\/websitedemos.net\/wp-content\/uploads\/2019\/07\/co-working-space-02-about-us-page.jpg","thumbnail-image-url":"https:\/\/websitedemos.net\/wp-content\/uploads\/2019\/07\/co-working-space-02-about-us-page-600x800.jpg","astra-page-api-url":"https:\/\/websitedemos.net\/co-working-space-05\/wp-json\/wp\/v2\/pages\/147","dynamic-page":"no","astra-page-url":"\/\/websitedemos.net\/co-working-space-05\/about-us\/","astra-sites-tag":{"352":"about"},"site-pages-type":"free","site-pages-page-builder":"brizy","site-pages-category":[],"site-pages-parent-category":{"60":"business","61":"free"}},"id-24501":{"title":"Amenities","featured-image-url":"https:\/\/websitedemos.net\/wp-content\/uploads\/2019\/07\/co-working-space-02-amenities-page.jpg","thumbnail-image-url":"https:\/\/websitedemos.net\/wp-content\/uploads\/2019\/07\/co-working-space-02-amenities-page-600x800.jpg","astra-page-api-url":"https:\/\/websitedemos.net\/co-working-space-05\/wp-json\/wp\/v2\/pages\/150","dynamic-page":"no","astra-page-url":"\/\/websitedemos.net\/co-working-space-05\/amenities\/","astra-sites-tag":{"777":"amenities"},"site-pages-type":"free","site-pages-page-builder":"brizy","site-pages-category":[],"site-pages-parent-category":{"60":"business","61":"free"}},"id-24504":{"title":"Pricing","featured-image-url":"https:\/\/websitedemos.net\/wp-content\/uploads\/2019\/07\/co-working-space-02-pricing-page.jpg","thumbnail-image-url":"https:\/\/websitedemos.net\/wp-content\/uploads\/2019\/07\/co-working-space-02-pricing-page-600x800.jpg","astra-page-api-url":"https:\/\/websitedemos.net\/co-working-space-05\/wp-json\/wp\/v2\/pages\/153","dynamic-page":"no","astra-page-url":"\/\/websitedemos.net\/co-working-space-05\/pricing\/","astra-sites-tag":{"585":"pricing"},"site-pages-type":"free","site-pages-page-builder":"brizy","site-pages-category":[],"site-pages-parent-category":{"60":"business","61":"free"}},"id-24502":{"title":"Contact","featured-image-url":"https:\/\/websitedemos.net\/wp-content\/uploads\/2019\/07\/id-24502-co-working-space-contact-resize.jpg","thumbnail-image-url":"https:\/\/websitedemos.net\/wp-content\/uploads\/2019\/07\/id-24502-co-working-space-contact-resize-600x800.jpg","astra-page-api-url":"https:\/\/websitedemos.net\/co-working-space-05\/wp-json\/wp\/v2\/pages\/156","dynamic-page":"no","astra-page-url":"\/\/websitedemos.net\/co-working-space-05\/contact\/","astra-sites-tag":{"415":"contact"},"site-pages-type":"free","site-pages-page-builder":"brizy","site-pages-category":[],"site-pages-parent-category":{"60":"business","61":"free"}}}},"id-20009":{"title":"Entrepreneur","featured-image-url":"https:\/\/websitedemos.net\/wp-content\/uploads\/2019\/07\/entrepreneur-07-feb-20-home.jpg","thumbnail-image-url":"https:\/\/websitedemos.net\/wp-content\/uploads\/2019\/07\/entrepreneur-07-feb-20-home-600x800.jpg","fullpage-thumbnail-image-url":"https:\/\/websitedemos.net\/wp-content\/uploads\/2019\/07\/entrepreneur-07-feb-20-home-400x1144.jpg","astra-site-url":"\/\/websitedemos.net\/entrepreneur-07","astra-site-parent-id":240,"astra-sites-tag":{"803":"administrator","795":"contractor","796":"executive","801":"founder","798":"manager","799":"organizer","800":"producer","804":"promoter"},"astra-sites-type":"free","astra-site-page-builder":"gutenberg","astra-site-category":{"37":"blog","39":"free"},"pages":{"id-24561":{"title":"Home","featured-image-url":"https:\/\/websitedemos.net\/wp-content\/uploads\/2019\/07\/entrepreneur-07-feb-20-home.jpg","thumbnail-image-url":"https:\/\/websitedemos.net\/wp-content\/uploads\/2019\/07\/entrepreneur-07-feb-20-home-600x800.jpg","astra-page-api-url":"https:\/\/websitedemos.net\/entrepreneur-07\/wp-json\/wp\/v2\/pages\/9","dynamic-page":"no","astra-page-url":"\/\/websitedemos.net\/entrepreneur-07\/","astra-sites-tag":{"423":"home"},"site-pages-type":"free","site-pages-page-builder":"gutenberg","site-pages-category":[],"site-pages-parent-category":{"74":"blog","61":"free"}},"id-24558":{"title":"About Me","featured-image-url":"https:\/\/websitedemos.net\/wp-content\/uploads\/2019\/07\/entrepreneur-07-feb-20-about.jpg","thumbnail-image-url":"https:\/\/websitedemos.net\/wp-content\/uploads\/2019\/07\/entrepreneur-07-feb-20-about-600x800.jpg","astra-page-api-url":"https:\/\/websitedemos.net\/entrepreneur-07\/wp-json\/wp\/v2\/pages\/11","dynamic-page":"no","astra-page-url":"\/\/websitedemos.net\/entrepreneur-07\/about-me\/","astra-sites-tag":{"352":"about"},"site-pages-type":"free","site-pages-page-builder":"gutenberg","site-pages-category":[],"site-pages-parent-category":{"74":"blog","61":"free"}},"id-24559":{"title":"Blog","featured-image-url":"https:\/\/websitedemos.net\/wp-content\/uploads\/2019\/07\/entrepreneur-07-feb-20-blog.jpg","thumbnail-image-url":"https:\/\/websitedemos.net\/wp-content\/uploads\/2019\/07\/entrepreneur-07-feb-20-blog-600x800.jpg","astra-page-api-url":"https:\/\/websitedemos.net\/entrepreneur-07\/wp-json\/wp\/v2\/pages\/283","dynamic-page":"no","astra-page-url":"\/\/websitedemos.net\/entrepreneur-07\/blog\/","astra-sites-tag":{"480":"blog"},"site-pages-type":"free","site-pages-page-builder":"gutenberg","site-pages-category":[],"site-pages-parent-category":{"74":"blog","61":"free"}},"id-24560":{"title":"Contact Me","featured-image-url":"https:\/\/websitedemos.net\/wp-content\/uploads\/2019\/07\/entrepreneur-07-feb-20-contact.jpg","thumbnail-image-url":"https:\/\/websitedemos.net\/wp-content\/uploads\/2019\/07\/entrepreneur-07-feb-20-contact-600x800.jpg","astra-page-api-url":"https:\/\/websitedemos.net\/entrepreneur-07\/wp-json\/wp\/v2\/pages\/13","dynamic-page":"no","astra-page-url":"\/\/websitedemos.net\/entrepreneur-07\/contact-me\/","astra-sites-tag":{"415":"contact"},"site-pages-type":"free","site-pages-page-builder":"gutenberg","site-pages-category":[],"site-pages-parent-category":{"74":"blog","61":"free"}}}}}